pattern_id,flag,position_groups,technique,representative_fault,representative_ideal_execution_standard,applies_to_row_ids,row_count,correction_strategy,coaching_cue,root_cause_first,override
P0001,,OL,Blocking,"""Catching"" the Rusher. Freezing feet while waiting for contact, destroying leverage and inviting a severe bull-rush.","Maintain continuous foot movement, sliding laterally or vertically to stay positioned strictly between the quarterback and the rusher.",131,1,,,,
P0002,,OL,Blocking,"""Catching"". Standing straight up and waiting for the defensive end to make contact, giving away all leverage advantages.",Lower hips into an athletic quarter-squat on the first step. Maintain a square core to the imaginary defender so they stay centered between your legs as you run them horizontally.,139,1,,,,
P0003,,OL,Blocking,"""Clicking the Heels"". Bringing feet close together during the kick slide, stopping lateral movement and destroying balance.","Drag the inside left foot to preserve a wide stance, keeping the edge rusher framed strictly between the knees on the outer arc.",620,1,,,,
P0004,✳,OL/RB/WR/TE,Blocking,"""Diving at the Ankles"". Throwing the body too low or too early, allowing the defender to easily step over the block or swat the back down without breaking stride.","Launch horizontally across the defender's frame, physically throwing your body sideways.",1206;1237;1242;1247;1252;1257;1262;1267,8,,,,
P0005,,OL,Blocking,"""False Stepping"". Picking up the front foot and dropping it in place before advancing, which ruins the timing of the play and lets the defender strike first.",Exert maximum forward power to execute a devastating down block on an interior tackle or a base block to clear the edge.,143,1,,,,
P0006,,OL,Blocking,"""Gazing"". Raising the eyes early to look for second-level linebackers before cleanly securing the down-lineman first.","Track the first power step directly through the crotch of the imaginary defender, framing the target tightly between both knees.",8,1,,,,
P0007,,OL,Blocking,"""Pop and Stop"". Popping straight up out of the stance and freezing the feet the exact moment contact is made.","Maintain constant foot movement. Keep running your tracks with short, punchy steps to dictate the direction of the defender's momentum.",627,1,,,,
P0008,,OL,Blocking,"""Pop and Stop"". Snapping the ball, landing initial contact, and freezing foot movement, allowing the rusher to effortlessly shed the block.",Sustain continuous 6-inch choppy steps into the turf until the pass is released - the feet never stop.,5,1,,,,
P0009,,OL,Blocking,"""Roll-Snapping"". Rolling the shoulders forward over the toes during the snap, causing the center to lunge, lose balance, and get easily pulled down by the defender.","Fire out with a flat, driving posture - do not roll the shoulders forward over the toes.",1833,1,,,,
P0010,,OL,Blocking,"""Sticking the Cleats"". Planting the feet heavy upon first contact, leaving the guard vulnerable to a quick arm-over or spin move.","Shuffle laterally in low, active short steps, constantly resetting the base to mirror the defender until pass release.",68,1,,,,
P0011,,OL,Blocking,"""Tail-Skying"". Pre-setting the stance with the hips too high, which forces the tackle to immediately step up instead of exploding forward.","Set up with the right hand down, right foot staggered back. Keep the head up, looking through the eyebrows at the target.",628,1,,,,
P0012,✳,OL/RB/WR/TE,Blocking,"""Telegraphing the Cut"". Lowering the pad level too early or staring at the defender's shins before launching, alerting them to brace or swim.",Aim your front shoulder directly at the thigh pad or knee line of the oncoming defender.,1205;1236;1241;1246;1251;1256;1261;1266,8,,,,
P0013,,OL,Blocking,"""Telegraphing"". Placing too much weight heavily onto the down hand for a drive block, or leaning back on the heels when preparing to pull, tipping off the defense.",Assume a powerful 3-point stance with a slight left-foot-back stagger (toe-to-instep) to anchor and push forward-diagonal paths.,69,1,,,,
P0014,,OL,Blocking,"Bailing Hips Early. Pointing right toes entirely backward too early, removing inside post support and conceding an easy B-gap lane.","Keep feet wider than shoulder-width, sinking hips to keep the defender square in the middle of your vision and core frame.",615,1,,,,
P0015,,OL,Blocking,"Bending at the Waist. Reaching forward and bending at the waist completely shifts your weight off your anchor. This makes you highly susceptible to ""push-pull"" or ""swim"" moves, allowing the defender to effortlessly throw you face-first into the turf.","Secure the snap count and execute an aggressive ""Angle Set"" (a quick 45-degree lateral-forward step to the left) to instantly close the distance to the defender.",92;578,2,,,,
P0016,,OL,Blocking,"Chasing the Decoy. Aggressively kick-sliding outward to chase a defensive end who is purposely rushing wide to act as a decoy. This completely vacates the B-gap, leaving a massive, unblockable lane for a stunting linebacker to shoot through and violently hit the quarterback from the blindside.","On the snap, take a controlled pass set backward and slightly outward, keeping the weight heavily distributed on the inside insteps to allow for instant redirection.",172;658,2,,,,
P0017,,OL,Blocking,"Chasing the Ghost. Drifting outside of your designated zone to chase a wide-rushing defensive end. In a slide protection, this entirely defeats the purpose of the scheme, tearing open a massive B-gap lane for an interior stunting tackle to hit the Quarterback immediately.","On the snap, take a lateral ""catch step"" into the designated slide gap space to immediately seal the lane.",182;668,2,,,,
P0018,,OL,Blocking,"Chasing the Looper. Chasing a defensive lineman who purposefully loops outside completely vacates your assigned zone. This opens up an easy, direct interior lane for an inside stunting lineman to hit the Quarterback untouched.","On the snap, take a lateral ""catch step"" to the left directly into the designated slide gap space.",97;583,2,,,,
P0019,,OL,Blocking,"Chest Forward. Letting chest drop forward over knees, stopping foot mobility and making the tackle top-heavy.","Work active, hot feet that continuously reset the base to absorb stabs, clubs, or bull rushes along the perimeter.",617,1,,,,
P0020,,OL,Blocking,"Climbing Too Quickly. Abandoning the double-team to climb to the second level too early leaves the defensive lineman un-secured, allowing them to split the block and instantly disrupt the backfield.","Secure the snap and take a hard, 45-degree ""gallop step"" directly into the hip of the defensive lineman.",39,1,,,,
P0021,,OL,Blocking,Crossing the Feet. Crossing the trailing foot over the lead foot during the skip completely destroys your base. It guarantees you will trip over your own feet or immediately lose your balance and get knocked over upon hitting a defender.,"On the snap, open immediately with a short lateral slide step to the right.",112;598,2,,,,
P0022,,OL,Blocking,"Drifting Too Deep (Bowing). Taking too deep of a drop step and bowing backward into the backfield during the pull. This wastes critical milliseconds, ruins the geometry of the blocking scheme, and often leads to an immediate collision with the Quarterback or Running Back.","On the snap, open immediately with a short, controlled lateral slide step to the right, ensuring you clear the depth of the guards and center.",197;683,2,,,,
P0023,,OL,Blocking,"Dropping Too Deep. Dropping too deep backward in the pass set abandons the line of scrimmage. This forces the pocket to shrink vertically, allowing the defensive line to easily compress the space around the quarterback and disrupt the throw.","On the snap, set at a controlled 45-degree angle to the left, keeping a perfectly balanced weight distribution on the balls of the feet.",87;573,2,,,,
P0024,,OL,Blocking,"Ducking Head on Snap. Dropping the chin and breaking spine angle on the snap, losing visual tracking of the defender and surrendering leverage.",Keep the head up and preserve the spine angle on the snap - do not drop the chin or break the spine angle.,1831,1,,,,
P0025,,OL,Blocking,"Elbow Flaring. Letting the elbows flare out on contact, which diminishes power and allows the defensive tackle to slide right off the block.","Explode both hands into the inside chest frame/armpits, clamping down on jersey cloth while keeping elbows tightly squeezed against the ribs.",558,1,,,,
P0026,,OL,Blocking,"Failing to Bring the Hips Through. Hitting the defender without rolling your hips through the contact results in a weak, top-heavy block. Relying entirely on upper-body strength guarantees you will lose leverage and get shed.","On the snap, explode forward out of the stance with a powerful displacement step to instantly close the cushion.",107;593,2,,,,
P0027,,OL,Blocking,"False Stepping. Picking up the front foot and dropping it in place pre-snap, stalling the initial kick step and forcing the tackle to chase from behind.","Pop cleanly out of the stance, driving off the inside right foot into an explosive 45-degree vertical kick step with the left foot.",133,1,,,,
P0028,,OL,Blocking,"Flaring Elbows. Allowing elbows to swing outward, exposing the guard's own chest plate to easy control.","Explode the right hand out first as the primary strike into the chest, anchoring the left hand inside the opposite pectoral to stun momentum.",553,1,,,,
P0029,,OL,Blocking,"Getting Caught in ""No Man's Land"". Staring at one specific defender while a blitzer slips through the vacated adjacent gap destroys the integrity of the half-slide protection. You must protect the zone, not chase the man.",Secure the snap and take a diagonal 45-degree placeholder step toward the slide side.,24,1,,,,
P0030,,OL,Blocking,"Head Dropping. Dropping the eyes and head down on contact, causing the tackle to slide off the defender.","Deliver an upward-driving strike with the heels of the palms directly inside the chest plate, forcing the defender's momentum backward.",631,1,,,,
P0031,✳,OL/RB/WR/TE,Blocking,"Leading with the Head. Launching head-first into a defender's knees, creating a dangerous risk for neck and concussive injuries.",Ensure the back or side of your shoulder connects with their legs to force the takedown.,1207;1238;1243;1248;1253;1258;1263;1268,8,,,,
P0032,,OL,Blocking,"Lunging & Over-Extending. Shifting weight onto the toes, which locks the knees, stops foot movement, and lets the rusher easily pull the guard forward.","Keep the feet pattering in micro-steps backward to absorb any power transition, anchoring the front-side pocket wall.",554,1,,,,
P0033,,OL,Blocking,"Lunging / Leaving the Feet Behind. Attempting to strike the defender by lunging aggressively with the upper body while the feet stop moving. This destroys your base, makes you extremely top-heavy, and allows a savvy edge defender to effortlessly pull you forward and throw you to the turf (the ""pull-swim"" or ""judo"" shed).","On the snap, explode forward out of the stance with a powerful displacement step (often a lead or base step) to instantly erase the cushion between you and the defender.",192;678,2,,,,
P0034,,OL,Blocking,Lunging Forward. Firing out of your stance and leaning forward allows the defender to easily use a swim or club move to bypass you instantly.,"Secure the snap and execute a quick, vertical ""Post Set"" taking 1-to-2 short steps backward.",29,1,,,,
P0035,,OL,Blocking,"Narrow Base. Stepping too narrow on the second step, allowing the defender to easily push the guard sideways.",Drive the feet wide apart on parallel tracks so the imaginary defender's core remains strictly framed between the guard's thighs.,71,1,,,,
P0036,,OL,Blocking,"Opening the Gate. Bailing out too wide with the left foot and turning hips outward, opening a massive A-gap lane.","Execute a short, crisp angle set to the left, taking weight onto the inside leg (70/30 distribution) while keeping the base wide.",65,1,,,,
P0037,,OL,Blocking,"Over-Reaching. Lunging wildly on a reach block, causing the tackle to lose balance and drop to their knees.","Keep the hips square to the imaginary defender even when stepping at an angle, capturing and framing them perfectly between the knees.",144,1,,,,
P0038,,OL,Blocking,"Over-Setting (Opening the Gate). Kicking backward too deeply and turning your shoulders entirely toward the sideline too early. This ""opens the gate,"" handing the elite edge rusher a direct, unimpeded path to execute an inside counter move (like a spin or rip) straight into the Quarterback's lap.","On the snap, execute an explosive backward ""kick step"" with the outside (left) foot to instantly gain depth and widen the pocket.",177;663,2,,,,
P0039,,OL,Blocking,"Over-Stepping Flat. Taking a step that is too wide and flat, allowing an inside-shading defensive end to slice cleanly underneath into the gap.",Comfortably analyze the defensive front and seamlessly launch into lateral zone steps to the right or down blocks inside.,624,1,,,,
P0040,,OL,Blocking,"Over-Stepping Laterally. Taking a brace step wider than 6 inches creates a massive gap between you and the backside Guard, or causes your hips to turn sideways, ruining your anchor.","Immediately upon the snap, take a short, 6-inch lateral ""brace step"" with the foot closest to the slide direction.",34,1,,,,
P0041,,OL,Blocking,"Passive Steps. Taking a tentative, soft first step instead of an aggressive, ground-gaining lateral or drop step.",Utilize the uninhibited view of the edge to quickly read and execute wide-zone or reach blocks to seal the perimeter.,138,1,,,,
P0042,,OL,Blocking,"Pulling Too Deep. Looping backward into the backfield instead of running a tight line across the center's heels. A deep, looping path delays your arrival, allowing the unblocked defender to penetrate the backfield and blow up the play for a loss before you can execute the kick-out.","On the snap, take an aggressive, perfectly flat ""open step"" to the right, pivoting exactly 90 degrees on the right foot to initiate the pull.",202;688,2,,,,
P0043,,OL,Blocking,Pulling Too Deep. Looping backward into the backfield instead of running a tight line allows the unblocked defender to penetrate too deeply. This ruins the geometry of the play and results in a tackle for loss.,"On the snap, take an aggressive, perfectly flat ""open step"" to the right, pivoting exactly 90 degrees on the right foot.",117;603,2,,,,
P0044,,OL,Blocking,"Reaching / Clapping. Extending both hands prematurely with wide elbows, stripping away length and balance.","Deliver a stiff, independent left-hand strike to the chest plate to disrupt speed, keeping the right hand locked to catch inside counter moves.",130,1,,,,
P0045,,OL,Blocking,"Slowing the Timing. Allowing the purposefully bypassed defender to touch, chip, or slow you down in any way. You must clear the space instantly to allow your pulling teammate an unobstructed path to deliver the trap block.","Secure the snap and take a sharp, heavy ""down block"" step at an inside angle directly away from the trapped defender.",54,1,,,,
P0046,,OL,Blocking,"Splitting Apart. Stepping too shallow or failing to merge hip-to-hip leaves a physical seam between you and your blocking partner. This allows an aggressive, heavy defensive end to split the double team, breach the wall, and blow up the play in the backfield.","On the snap, take a heavy lateral power step directly toward your teammate to instantly close any physical space between you.",102;187;588;673,4,,,,
P0047,,OL,Blocking,"Standing Up Straight. Popping upright out of the stance, raising pad level and erasing lateral redirection capabilities.","Slide the inside foot along the turf to preserve a shoulder-width-plus base, keeping the rusher centered over the outside knee.",134,1,,,,
P0048,,OL,Blocking,"Stepping Narrow or High. Coming out of the stance with a narrow base or popping completely upright surrenders all leverage, resulting in you being violently pushed backward directly into the Quarterback's or running back's path.","Secure the snap and fire out instantly with a low, explosive ""power step"" right through the crotch (midline) of the defender.",44,1,,,,
P0049,,OL,Blocking,"Turning the Hips and Running. Turning your hips and running like a sprinter blocks your vision of the second-level flow, makes it impossible to adjust to a linebacker's counter-movement, and leaves the backside open.","Secure the snap, push aggressively off the play-side foot, and take a lateral step backward with the backside foot to clear the line.",49,1,,,,
P0050,,OL,Blocking,Waist Bending. Bending forward at the waist to reach for wide edge rushers instead of moving the feet to get there.,"Maintain a push-replace foot rhythm, riding the rusher high and wide past the depth of the pocket while keeping feet churning.",622,1,,,,
P0051,,OL,Blocking,"Waist Bending. Bending over at the waist instead of hinging at the knees and hips, killing all leg-drive leverage.","Deliver high-knee, powerful driving steps, keeping your midsection directly aligned with the center mass of the imaginary threat.",557,1,,,,
P0052,,OL,Stance,"Burying the Hand. Digging your fingertips deep into the mud and shifting your weight forward. This traps you in place, preventing you from sliding backward to protect the perimeter.","Lower your right hand to the ground, placing it lightly outside your right knee frame. Keep your left hand braced securely against your left thigh to complete your platform.",643;655,2,,,,
P0053,,OL,Stance,"Deep Heel Stagger. Dropping the right foot 10+ inches back. A deep stagger in a gun alignment opens up your inside B-gap, inviting interior defensive tackles to shoot the gap for an instant sack.","Stagger your right foot back exactly 3 to 4 inches, aligning your right toe strictly with the mid-foot arch of your left shoe.",562;568,2,,,,
P0054,,OL,Stance,"Deep Tackle Stagger. Dropping the right foot 12+ inches back like a tackle. A deep stagger locks up a guard's hips, making it nearly impossible to pull cleanly to the left or make a flat lateral block.","Stagger your right foot back exactly 4 to 6 inches, so your right toe aligns directly with the mid-foot or instep of your left shoe.",608;609,2,,,,
P0055,,OL,Stance,"Fingertip Leaning. Placing forward pressure onto the ball. Leaning forward causes the ball to sail high or skip off the grass, leading to critical turnover fumbles.","Sink your hips deeply and shift your weight heavily backward onto your heels, balancing your weight at 40% forward / 60% backward. Your cleats must stay flat and glued to the turf so you do not fall forward while snapping.",14;20,2,,,,
P0056,,OL,Stance,"Flaring Elbows. Letting your elbows flare out wide to the sides. Flared elbows open up your chest, allowing a defender to easily land an inside punch and control your frame.","Keep your hands up and open at chest level (ready to punch), or rest them lightly on your thighs with your elbows tucked securely into your ribs.",151;163;210,3,,,,
P0057,,OL,Stance,"Head Dropping. Letting your chin drop to your chest while reaching down. If your eyes are locked onto your cleats, you will miss a late defensive blitz or an outside edge shift.","Lower your left hand to the turf into a clean 3-point stance, keeping the contact light. Brace your right hand tightly against your right thigh to complete your upper structural frame.",157;169;216,3,,,,
P0058,,OL,Stance,"Heavy Hand Pressure. Placing heavy physical weight onto your down hand. If you lean forward, you cannot execute a flat lateral pull or a clean vertical pass set.","Drop your right hand down to the grass, placing only your fingertips on the turf with virtually zero weight on them. Tuck your left hand close to your left thigh in a ready state.",564;570,2,,,,
P0059,,OL,Stance,"Heel Sitting. Letting your weight fall back entirely onto your heels with toes off the ground. This locks your ankles, making it impossible to launch forward if you need to execute a quick run-block.","Keep your hips sunk, but distribute your weight evenly at 40% forward / 60% backward. Your weight must stay entirely on the balls and heels of your feet, allowing you to move in any direction instantly.",636;648,2,,,,
P0060,,OL,Stance,"Heel Sitting. Letting your weight fall back onto your heels. This locks your ankles, making it impossible to launch forward if you need to execute a quick run-block.","Keep your hips sunk, but distribute your weight evenly at 50% forward / 50% backward. Your weight must stay entirely on the balls of your feet, allowing you to move in any direction instantly.",695,1,,,,
P0061,,OL,Stance,"High Hips. Standing up too vertical in a 3-point stance. High hips strip away your lower-body power, allowing defenders to easily push you into the quarterback's face.","Hold a rigid, half-squat frame. Keep your ankles and knees bent like springs, completely uncommitted to a direction until the ball is snapped.",79;85,2,,,,
P0062,,OL,Stance,Lazy Core. Failing to brace your abdominal muscles before the snap. A loose core causes your lower back to buckle the moment a physical defender makes contact.,"Hold your loaded, half-squat posture. Keep your core fully locked and your knees bent, ready to instantly strike an inside rusher or slide out wide to protect the edge.",152;164;211,3,,,,
P0063,,OL,Stance,"Leaning on the Ball. Placing too much upper-body weight directly onto the football. If the ball slips, you will collapse instantly into the dirt.","Sink your hips straight down into a deep squat, keeping your weight distributed evenly on the balls of both feet (50/50 balance). Do not lean heavily forward onto the ball, as this ruins your ability to handle a sudden defensive nose-guard rush.",61,1,,,,
P0064,,OL,Stance,Locked Front Knee. Failing to bend your front knee sufficiently when reaching down. This forces your back to hunch and locks up your legs.,"Lower your right hand to the ground, placing it slightly outside your right knee frame. Keep your left hand braced securely against your left thigh to establish a rigid 3-point platform.",702,1,,,,
P0065,,OL,Stance,Narrow Base or Weak Stagger. Setting the stagger at only 4 inches. A shallow tackle stagger allows speed-rushers to instantly clip your outside shoulder before you can get depth in a kick-slide.,"Take a wider 1.5-to-2-foot split from the Right Guard. Place your left foot forward and stagger your right foot back deeply exactly 10 to 12 inches, ensuring your right toe aligns directly behind your left heel to protect your outside edge.",699;700,2,,,,
P0066,,OL,Stance,"Narrow Base. Setting your feet at a standard shoulder-width. A narrow base during a shotgun snap destroys your balance, causing you to tip forward the moment you snap the ball.","Approach the line and straddle the midline of the ball, spreading your feet 4 inches wider than shoulder-width to build an unyielding, broad anchor. Keep your spine flat, your chest proud, and your belt line perfectly square to the line of scrimmage, remaining completely balanced.",11;17,2,,,,
P0067,,OL,Stance,Over-Weighting the Hand. Putting 80% or more of your weight directly onto your down hand. This prevents you from reacting to a quick interior defensive stunt.,"Drop your right hand cleanly to the turf into a traditional 3-point stance, placing your fingertips lightly on the ground. Tuck your left arm tightly to your left thigh, keeping the fingers relaxed but ready to engage.",611,1,,,,
P0068,,OL,Stance,Pre-Angling Hips. Turning your lower body outward toward the perimeter before the snap. This tips off the defense to an outside zone run or a slide protection schema.,"Take a wide 12-to-18-inch split from the Center, placing your right foot forward. Keep your spine straight, your chest upright, and your shoulders squared completely to the defensive line.",74;80,2,,,,
P0069,,OL,Stance,"Shallow Stagger. Setting a tight 4-inch stagger. A shallow stagger makes it impossible to get immediate depth in your pass sets, allowing speed-rushers to easily beat you around the edge.","Stagger your right foot back deeply exactly 12 inches, ensuring your right toe is positioned directly behind the heel line of your left shoe.",640;652,2,,,,
P0070,,OL,Stance,"Spine Rounding. Letting your lower back arch or curve, which leaves you unable to generate upward explosive force.","Compress your lower joints fully. Keep your core braced and your mind locked on the snap cadence, ready to instantly explosive-drive or slide out wide.",217,1,,,,
P0071,,OL,Stance,"Spine Rounding. Letting your lower back arch or curve. A rounded spine leaves you unable to absorb a heavy bull-rush, causing your pocket to collapse.","Compress your lower joints fully. Keep your core braced and your mind locked on the snap cadence, ready to instantly slide out wide.",158;170,2,,,,
P0072,,OL,Stance,Squatting Too High. Leaving your hips too high before the snap. Standing too upright strips away your natural leverage.,"Lock in your low, loaded posture. Keep your spine perfectly flat and your core fully braced, ready to instantly drive off the line or transition into a pulling pattern.",126,1,,,,
P0073,,OL,Stance,"Standing Upright. Failing to sink your hips. A high 2-point stance exposes your chest completely, allowing any edge rusher to easily drive you backward into the pocket.","Establish a wide 2.5-foot split from your guard, setting your left foot forward. Keep your chest upright and perfectly square to the line of scrimmage. Avoid leaning backward or standing too vertical, as this kills your natural leverage.",633;645;692,3,,,,
P0074,,OL,Stance,Turning Inward. Allowing your left hip and shoulder to angle toward the Center. This restricts your ability to pass-block an exterior rusher attacking your outside gap.,"Align with a tight split next to the Center, setting your right foot forward. Keep your chest and shoulders squared completely to the defensive front line, preventing any pre-snap physical tipping of your assignment.",121,1,,,,
P0075,,OL,Stance,"Unconscious Stagger. Allowing one foot to drift backward out of a habit. Any stagger from the Center creates an offset gap under your hips, causing quarterback-center exchange fumbles.","Approach the ball and straddle the midline of the football. Set your feet completely parallel (0-inch stagger / perfectly square), spaced slightly wider than shoulder-width apart to create a highly stable, square anchor.",59;60,2,,,,
P0076,✳,QB/RB/WR/TE,Ball Carry,"""Flagging"" the Ball. Carrying the ball loosely away from the body while running in space. This heavily exposes the ball to trailing defenders punching or stripping it from behind.","Hook the fingers over the front point, press the forearm along the seam, and clamp the back half of the football securely between the forearm and bicep.",219;705;1057;1083,4,,,,
P0077,,QB,Ball Carry,"""The Double-Clutch"". Attempting to make a dynamic football move or break up-field before the ball is completely secured in the hands, leading to direct drops or immediate bobble-fumbles upon first contact.","Instantly secure the ball out of the snap exchange or handoff fake and transition it directly to the body, completely avoiding any ""double-clutch"" or premature up-field break before the ball is fully possessed.",218,1,,,,
P0078,✳,QB/RB/WR/TE,Ball Carry,Exposing the Breast. Carrying the football across the middle of the chest with a nose-up orientation. This allows a defender to punch it cleanly and violently out from the front.,"Press the inner side of the football firmly against the rib cage with the nose tucked up beneath the armpit, completely locking the elbow to the torso to eliminate daylight.",220;706;1058;1084,4,,,,
P0079,,QB,Drop-Back,Ball drops off the chest during the drop. Ball drifting off a consistent carriage position. (Ball Position needs ball tracking.),Football remains secure from snap reception through the drop — two-hand control until entering the throwing sequence.,1799;1801;1803;1804,4,,,,
P0080,,QB,Drop-Back,Ball drops off the chest during the longer drop. Ball drifting off a consistent carriage position. (Ball Position needs ball tracking.),Maintain secure two-hand football carriage throughout the longer drop — the ball remains protected until the throwing motion begins.,1800;1802;1805,3,,,,
P0081,,QB,Drop-Back,Ball exposed or dropped to one hand during the fake/transition. (Ball Position needs ball tracking.),Maintain two-hand security during the fake and transition — the ball remains protected against the body until the QB commits to the throw.,372,1,,,,
P0082,,QB,Drop-Back,Ball loose or away from the chest after the snap. (Ball Position needs ball tracking.),Maintain secure two-hand control after the pistol snap — the football stays protected against the chest before transitioning into throwing position.,299,1,,,,
P0083,,QB,Drop-Back,"Ball loose/low, elbows flared, or away from the body before the mesh. (Ball Position needs ball tracking.)","Secure the football with two hands at chest level — throwing hand controls the back half, off-hand protects the front — ball tight to the body frame with elbows close until the mesh action begins.",381,1,,,,
P0084,,QB,Drop-Back,Base too narrow/wide at the top of the deeper drop.,Maintain a stable athletic base after completing the drop — feet positioned to support immediate throwing mechanics.,507,1,,,,
P0085,,QB,Drop-Back,Base too narrow/wide at the top of the drop for immediate throwing.,Maintain an athletic throwing base at the completion of the drop — feet positioned to support immediate throwing mechanics.,483,1,,,,
P0086,,QB,Drop-Back,Base too narrow/wide at the top of the drop.,Maintain a balanced throwing base at the top of the drop — feet positioned for efficient release.,239;256;320;333;492,5,,,,
P0087,,QB,Drop-Back,Base too narrow/wide for a quick release after the step.,Establish a balanced throwing base immediately after the step — feet underneath the body to support quick release mechanics.,231,1,,,,
P0088,,QB,Drop-Back,Base too narrow/wide immediately after the step.,Establish a balanced throwing base immediately after the step — feet underneath the body to support efficient release mechanics.,309,1,,,,
P0089,,QB,Drop-Back,"Bouncing, high-stepping, or riding up on the toes instead of gliding. Base narrowing so the body leans and loses balance. Toes pointing backward. Crossing at a speed that costs control. Heavy heel contact or movement that disrupts timing.","Feet glide low to the ground throughout the drop — cleats cutting grass, staying in contact so a balanced throwing base is available immediately. Base stays wide enough to hold balance.",259;331;494,3,,,,
P0090,,QB,Drop-Back,"Bouncing, high-stepping, or riding up on the toes instead of gliding. Base narrowing so the body leans and loses balance. Toes pointing backward. Crossing at a speed that costs control. Heavy heel contact or wasted movement.","Feet glide low to the ground throughout the drop — cleats cutting grass, staying in contact so a balanced throwing base is available immediately. Base stays wide enough to hold balance.",240;315;477,3,,,,
P0091,,QB,Drop-Back,"Bouncing, high-stepping, or riding up on the toes instead of gliding. Base narrowing so the body leans and loses balance. Toes pointing backward. Crossing at a speed that costs control. Wasted steps or excessive vertical movement in the deeper drop.","Feet glide low to the ground throughout the longer drop — cleats cutting grass, staying in contact so a balanced throwing base is available immediately. Base stays wide enough to hold balance.",516,1,,,,
P0092,,QB,Drop-Back,Drifting or off-balance first step disrupting throwing alignment.,Execute a controlled first step that maintains throwing rhythm while preserving balance and lower-body readiness — creating proper throwing alignment without drifting.,302,1,,,,
P0093,,QB,Drop-Back,Drifts excessively deep or wrong depth relationship. (Absolute depth needs a scale reference.),Maintain proper pistol depth relationship from the center while reaching the required passing depth — creating space without drifting excessively deep.,329,1,,,,
P0094,,QB,Drop-Back,"Drifts off the shotgun relationship, hurting timing/lane. (Absolute depth needs a scale reference.)",Maintain the appropriate shotgun relationship after the catch and one-step movement — preserving quick-game timing and throwing-lane integrity.,235,1,,,,
P0095,,QB,Drop-Back,"Elbows flare during the drop. Dropping to one hand on the ball. Arms stiff, or flailing/crossing the body’s midline, forcing the torso to overwork and sapping rotational energy.","Both hands stay securely on the ball throughout the drop. Arms and hands stay relaxed but controlled — not stiff, not so loose that the ball drifts and body position goes with it. Hands do not cross the body’s midline.",248;317;480;495,4,,,,
P0096,,QB,Drop-Back,"Elbows flare during the longer drop. Dropping to one hand on the ball. Arms stiff, or flailing/crossing the body’s midline, forcing the torso to overwork and sapping rotational energy.","Both hands stay securely on the ball throughout the drop. Arms and hands stay relaxed but controlled — not stiff, not so loose that the ball drifts and body position goes with it. Hands do not cross the body’s midline.",254;332;508,3,,,,
P0097,,QB,Drop-Back,Extra gather steps or hesitation in the drop.,Maintain smooth timing from snap reception through the final step — no extra gather steps or hesitation.,245,1,,,,
P0098,,QB,Drop-Back,Extra reset movement or disconnect between the catch and the drop.,Transition smoothly from shotgun reception into the five-step drop — catch and first movement connected without unnecessary reset movement.,253,1,,,,
P0099,,QB,Drop-Back,Extra reset steps or hitch before delivery.,Maintain immediate snap-to-throw rhythm — no additional reset steps or unnecessary movement before delivery.,301,1,,,,
P0100,,QB,Drop-Back,"Eyes come down during the drop, not progressing through the read. (Gaze/reads not pose-measurable — deferred.)",Maintain disciplined downfield vision throughout the drop while reading coverage and maintaining body control.,1793;1794;1795,3,,,,
P0101,,QB,Drop-Back,"Eyes drop during the drop, not progressing through the read. (Eye progression not pose-measurable — deferred.)",Maintain downfield vision throughout the drop while progressing through the defensive read.,1792;1796;1797;1798,4,,,,
P0102,,QB,Drop-Back,Eyes give away the fake or fail to transition to the read. (Eye gaze/reads not pose-measurable — deferred.),"Use the eyes to influence defenders during the fake, then quickly transition vision to the defensive read and receiver progression while maintaining body control.",374,1,,,,
P0103,,QB,Drop-Back,"Fails to reset into a loaded, aligned, throwing-ready posture after the fake.","Regain a balanced throwing posture with feet underneath the body, hips loaded, knees slightly bent, and shoulders ready to align toward the target.",379,1,,,,
P0104,,QB,Drop-Back,"Finishes off-balance or not throwing-ready at the top of the drop. Weight stuck on the back foot at release, so the throw lacks ground force and becomes all arm.","Finish with balanced feet, loaded hips, aligned shoulders, and proper weight transfer to deliver the football. Weight transfers off the back foot into the throw, generating ground force rather than leaving the throw to the arm.",255;323;336;489;491,5,,,,
P0105,,QB,Drop-Back,Half-hearted body commitment or pulling the ball early — no believable run picture. (Ball-presentation + eye parts need ball tracking / are gaze-deferred.),"Sell the run by committing the entire body — eyes, shoulders, hips, and ball presentation replicate the intended run concept; avoid pulling the ball early, creating a believable run picture before transitioning to throw.",375,1,,,,
P0106,,QB,Drop-Back,"Head drops/bobs during the drop. Head bouncing, dipping, or rocking through the drop; upper body unstable, degrading spatial awareness and balance.","Head stays stable and level over the spine throughout the drop — no bouncing, dipping, or rocking of the upper body, which costs spatial awareness and balance.",262;311;338,3,,,,
P0107,,QB,Drop-Back,Head uncontrolled or eyes slow to the target. (Gaze not pose-measurable — deferred.),Maintain visual discipline through the snap and movement — eyes transition quickly to the target while the head remains controlled.,303,1,,,,
P0108,,QB,Drop-Back,"Head unstable during the drop. Head bouncing, dipping, or rocking through the drop; upper body unstable, degrading spatial awareness and balance.","Head stays stable and level over the spine throughout the drop — no bouncing, dipping, or rocking of the upper body, which costs spatial awareness and balance.",250;505,2,,,,
P0109,,QB,Drop-Back,Head unstable or eyes late to the target. (Eye gaze not pose-measurable — deferred.),Maintain visual discipline from snap reception through the throw — eyes transition quickly to the target while the head remains controlled.,229,1,,,,
P0110,,QB,Drop-Back,"Head unstable/bobbing during the drop. Head bouncing, dipping, or rocking through the drop; upper body unstable, degrading spatial awareness and balance.","Head stays stable and level over the spine throughout the drop — no bouncing, dipping, or rocking of the upper body, which costs spatial awareness and balance.",481;497,2,,,,
P0111,,QB,Drop-Back,"Hips drift from under the body or misalign for force transfer. Back hip locked or tight through the crossover, preventing clean weight transfer.",Hips remain underneath the body and positioned to transfer force into the throw. Hips stay loose and mobile through the crossover so weight can transfer cleanly into the throw.,263,1,,,,
P0112,,QB,Drop-Back,"Hips drift from under the torso or misalign for power transfer. Back hip locked or tight through the crossover, preventing clean weight transfer.",Hips remain underneath the torso and prepared to transfer power efficiently into the throw. Hips stay loose and mobile through the crossover so weight can transfer cleanly into the throw.,337,1,,,,
P0113,,QB,Drop-Back,"Hips drift from under the torso or misalign for rotation. Back hip locked or tight through the crossover, preventing clean weight transfer.",Hips remain underneath the torso and aligned for efficient rotation into the throw. Hips stay loose and mobile through the crossover so weight can transfer cleanly into the throw.,319,1,,,,
P0114,,QB,Drop-Back,"Hips drift out from under the body or misalign during the drop. Back hip locked or tight through the crossover, preventing clean weight transfer.",Hips remain underneath the body and aligned throughout the drop — maintaining lower-body positioning to generate efficient throwing power. Hips stay loose and mobile through the crossover so weight can transfer cleanly into the throw.,487;504;513,3,,,,
P0115,,QB,Drop-Back,"Hips misaligned or not prepared to rotate. Back hip locked or tight through the crossover, preventing clean weight transfer.",Hips remain aligned underneath the torso and prepared for efficient rotation into the throw. Hips stay loose and mobile through the crossover so weight can transfer cleanly into the throw.,249,1,,,,
P0116,,QB,Drop-Back,"Hips over-open early or fail to rotate through the throw, losing power/accuracy.","Keep hips controlled during the fake, then rotate efficiently through the throw to generate power and maintain accuracy.",378,1,,,,
P0117,,QB,Drop-Back,Hips unloaded or drifting from under the torso before the throw.,Hips remain loaded underneath the torso to support efficient lower-body rotation and throwing power.,306,1,,,,
P0118,,QB,Drop-Back,"Hips unloaded or out from under the torso, limiting rotation.","Hips remain loaded and underneath the torso, allowing efficient lower-body rotation into the throw.",230,1,,,,
P0119,,QB,Drop-Back,"Hitch, pause, or gather step breaking the catch-to-throw rhythm.","Maintain immediate catch-to-throw rhythm — no unnecessary hitch, pause, or additional gather movement.",236,1,,,,
P0120,,QB,Drop-Back,"Incomplete platform — unbalanced feet, unloaded hips, or misaligned shoulders at the top of the drop. Weight stuck on the back foot at release, so the throw lacks ground force and becomes all arm.","Establish a complete throwing platform — balanced feet, loaded hips, aligned shoulders, and proper weight transfer for the throw. Weight transfers off the back foot into the throw, generating ground force rather than leaving the throw to the arm.",514,1,,,,
P0121,,QB,Drop-Back,"Inconsistent or overstriding through the drop. Steps too long or too choppy, so the rhythm of the drop no longer matches the pass route.",Maintain controlled stride length through the three-step drop while preserving balance and throwing posture. Stride length stays consistent and matched to the route’s timing — neither over-long nor choppy.,313,1,,,,
P0122,,QB,Drop-Back,"Inconsistent or overstriding through the progression. Steps too long or too choppy, so the rhythm of the drop no longer matches the pass route.",Maintain consistent stride length throughout the five-step progression while preserving balance and throwing readiness. Stride length stays consistent and matched to the route’s timing — neither over-long nor choppy.,328,1,,,,
P0123,,QB,Drop-Back,"Inconsistent stride length across the five steps, hurting depth/balance. Steps too long or too choppy, so the rhythm of the drop no longer matches the pass route.",Maintain consistent stride length throughout the five-step drop — creating proper depth while maintaining balance and throwing readiness. Stride length stays consistent and matched to the route’s timing — neither over-long nor choppy.,498,1,,,,
P0124,,QB,Drop-Back,"Inconsistent stride length across the seven steps, hurting balance at depth. Steps too long or too choppy, so the rhythm of the drop no longer matches the pass route.","Maintain controlled, consistent stride length throughout the seven-step progression — allowing the QB to maintain balance at greater depth. Stride length stays consistent and matched to the route’s timing — neither over-long nor choppy.",509,1,,,,
P0125,,QB,Drop-Back,"Inconsistent stride length hurting depth/balance. Steps too long or too choppy, so the rhythm of the drop no longer matches the pass route.",Maintain controlled stride length throughout the three-step progression — creating proper depth without compromising balance. Stride length stays consistent and matched to the route’s timing — neither over-long nor choppy.,238,1,,,,
P0126,,QB,Drop-Back,"Inconsistent/overstriding, hurting depth or balance. Steps too long or too choppy, so the rhythm of the drop no longer matches the pass route.",Maintain consistent stride length to create proper depth while preserving balance and throwing readiness. Stride length stays consistent and matched to the route’s timing — neither over-long nor choppy.,261,1,,,,
P0127,,QB,Drop-Back,Indecisive first step or drifting off the throwing platform.,Execute a decisive first step in the designed direction while maintaining balance and preparing the throwing platform — creating proper throwing rhythm without drifting.,224,1,,,,
P0128,,QB,Drop-Back,Knees crossing (karaoke-style) rather than the feet gliding past. Knees swinging wide off the linear path.,The designed crossover step is a FOOT crossing past foot while the knees stay on a linear path; the knees do not cross over one another as in a karaoke drill.,1806;1807;1808;1809;1810;1811;1812,7,,,,
P0129,,QB,Drop-Back,Late/early or arrhythmic delivery from fake to throw. (On-schedule-for-route/defense judgment needs the route + defense; ball flight needs ball tracking — deferred.),Deliver the football on schedule based on the route concept and defensive reaction while maintaining rhythm from fake to throw.,373,1,,,,
P0130,,QB,Drop-Back,Loses downhill posture or mistimes the transition into the drop.,Transition from the pistol stance into the three-step drop after securing the snap — maintaining downhill posture while creating proper throwing rhythm.,318,1,,,,
P0131,,QB,Drop-Back,Mistimed one-step progression out of sync with the route concept.,Complete the one-step progression with correct timing from snap reception to throw — movement matching the route concept and offensive timing.,300,1,,,,
P0132,,QB,Drop-Back,Mistimed/bobbled snap or unbalanced/slow transition into the play-action footwork. (Finger/ball detail needs hand model / ball tracking.),Receive the snap with proper timing and rhythm from cadence — body balanced — and transition smoothly into the designed play-action footwork.,377,1,,,,
P0133,,QB,Drop-Back,"Narrow/wide base, poor weight transfer, or misaligned shoulders/hips before release.","Establish a balanced base with proper foot placement, weight transfer, and shoulder/hip alignment before release.",383,1,,,,
P0134,,QB,Drop-Back,No clean plant — feet drift or need extra steps before the throw.,Establish proper plant foot position at the top of the drop — allowing immediate transition into the throw.,242;312,2,,,,
P0135,,QB,Drop-Back,No clean plant — feet drift or require extra steps before the throw.,"Establish the correct plant position at the top of the drop — feet stop efficiently, allowing immediate transfer into the throwing motion.",488,1,,,,
P0136,,QB,Drop-Back,No clean plant — feet drift or unbalanced at the top.,Reach the top of the drop with proper plant foot location and balanced posture.,251;327,2,,,,
P0137,,QB,Drop-Back,No clean plant — needs a correction step before the throw.,Establish a balanced plant position after the one step — the plant foot allows immediate throwing motion without additional correction.,308,1,,,,
P0138,,QB,Drop-Back,No clean plant — needs correction steps before release.,Establish a stable plant position immediately after the step — the plant foot supporting immediate release without additional correction steps.,234,1,,,,
P0139,,QB,Drop-Back,No clean plant — poor plant-foot location or unbalanced at the top of the drop.,Reach the top of the drop with proper plant foot location and balanced body position — allowing immediate transition into the throw.,512,1,,,,
P0140,,QB,Drop-Back,No clean plant — requires extra recovery steps before the throw.,Establish the correct plant position at the completion of the five-step drop — the plant foot creating a balanced throwing posture without additional recovery steps.,501,1,,,,
P0141,,QB,Drop-Back,Off-balance or misaligned platform at release.,"Finish with balanced feet, aligned hips and shoulders, proper weight transfer, and immediate ability to deliver the football.",233;310,2,,,,
P0142,,QB,Drop-Back,"Off-balance or misaligned platform at the top of the drop. Weight stuck on the back foot at release, so the throw lacks ground force and becomes all arm.","Finish in a balanced throwing position with proper foot alignment, weight transfer, hip rotation potential, and shoulder alignment. Weight transfers off the back foot into the throw, generating ground force rather than leaving the throw to the arm.",237,1,,,,
P0143,,QB,Drop-Back,Off-balance or shallow first step.,Execute a controlled first step that creates proper depth while maintaining balance and readiness to throw.,316,1,,,,
P0144,,QB,Drop-Back,Out of sync with the quick-game timing.,Complete the one-step progression with proper timing from snap reception to throw — synchronized with the route concept.,225,1,,,,
P0145,,QB,Drop-Back,Overstriding or extra movement disrupting the quick base.,Place the feet efficiently under the body — the step creating a stable base without excessive stride length or unnecessary movement.,223,1,,,,
P0146,,QB,Drop-Back,"Overstriding or inconsistent stride length, hurting balance. Steps too long or too choppy, so the rhythm of the drop no longer matches the pass route.",Maintain consistent stride length appropriate for a three-step drop — creating depth without overstriding or losing balance. Stride length stays consistent and matched to the route’s timing — neither over-long nor choppy.,485,1,,,,
P0147,,QB,Drop-Back,Overstriding or wrong step length for quick-game timing.,Use the appropriate step length for quick-game timing while maintaining balance and throwing posture.,305,1,,,,
P0148,,QB,Drop-Back,"Pauses, drifts, or arrives early/late.","Maintain smooth timing from snap reception through the final step — avoiding pauses, drifting, or arriving early.",314,1,,,,
P0149,,QB,Drop-Back,Reaching or excess foot movement disrupting accuracy.,Feet remain underneath the body during the transition — avoiding reaching or excessive movement that disrupts accuracy.,297,1,,,,
P0150,,QB,Drop-Back,Rushed final step or arriving early/late.,Maintain consistent tempo through all steps without rushing the final step or arriving early.,260,1,,,,
P0151,,QB,Drop-Back,"Rushed, paused, or arrhythmic drop tempo.","Maintain consistent timing from snap reception through the final step — smooth, without pauses or rushed movement.",479,1,,,,
P0152,,QB,Drop-Back,"Rushed, paused, or disconnected drop tempo.","Maintain consistent timing from snap reception through the final step — smooth and connected, without rushing or pausing.",500,1,,,,
P0153,,QB,Drop-Back,"Rushed, paused, or disconnected tempo through the steps.",Maintain consistent tempo throughout all five steps — smooth and connected to the throwing motion.,326,1,,,,
P0154,,QB,Drop-Back,"Shoulders open early during the drop. Shoulders opening to the field too early, letting defenders read the throw instantly. Front shoulder collapsing or over-rotating, turning the hips early and cutting off vision to one side.",Shoulders remain level and controlled through the drop — avoiding opening early before the throw. Shoulders stay level and controlled through the drop. The front shoulder neither collapses nor over-rotates — either turns the hips prematurely and blinds vision to one side.,243;324,2,,,,
P0155,,QB,Drop-Back,"Shoulders open early or over-rotate through the fake, hurting accuracy.","Maintain controlled shoulders through the fake, then rotate efficiently toward the target without opening early.",376,1,,,,
P0156,,QB,Drop-Back,"Shoulders open early or tilt during the deeper drop. Shoulders opening to the field too early, letting defenders read the throw instantly. Front shoulder collapsing or over-rotating, turning the hips early and cutting off vision to one side.",Shoulders remain level and controlled through the longer drop — avoiding early opening while preparing to rotate into the throw. Shoulders stay level and controlled through the drop. The front shoulder neither collapses nor over-rotates — either turns the hips prematurely and blinds vision to one side.,518,1,,,,
P0157,,QB,Drop-Back,"Shoulders open early or tilt during the drop. Shoulders opening to the field too early, letting defenders read the throw instantly. Front shoulder collapsing or over-rotating, turning the hips early and cutting off vision to one side.",Shoulders remain level and controlled while preparing for efficient rotation into the throw. Shoulders stay level and controlled through the drop. The front shoulder neither collapses nor over-rotates — either turns the hips prematurely and blinds vision to one side.,258;335;486;496,4,,,,
P0158,,QB,Drop-Back,Shoulders open early through the catch/step.,Shoulders remain controlled through the catch and step — aligning toward the target without opening early.,227,1,,,,
P0159,,QB,Drop-Back,Shoulders open early through the snap transition/step.,Shoulders remain controlled through the snap transition and step — aligning toward the target without opening early.,304,1,,,,
P0160,,QB,Drop-Back,Slow or off-balance first step.,Execute the first step quickly and efficiently while maintaining balance and proper throwing posture.,244,1,,,,
P0161,,QB,Drop-Back,"Slow, misdirected, or off-balance first step.","Execute a quick, efficient first step in the designed direction — creating proper spacing while maintaining balance and staying ready to throw.",490,1,,,,
P0162,,QB,Drop-Back,Slow/inefficient transition of the ball to throwing position. (Ball Position needs ball tracking.),Transition the football from the two-hand reception position into throwing position efficiently — ball protected until the throwing motion begins.,228,1,,,,
P0163,,QB,Drop-Back,Slow/unbalanced or mistimed transition from stance into the drop.,"Transition from the under-center stance into the drop efficiently after securing the snap — first movement controlled, balanced, and timed with the QB's throwing rhythm.",482,1,,,,
P0164,,QB,Drop-Back,Slow/unbalanced or mistimed transition into the five-step drop.,"Transition smoothly from the under-center stance into the five-step drop after securing the snap — controlled, balanced, and timed with the passing concept.",502,1,,,,
P0165,,QB,Drop-Back,Slow/unbalanced or mistimed transition into the seven-step drop.,Transition smoothly from the under-center stance into the seven-step drop after securing the snap — controlled movement creating additional depth for deeper developing concepts.,510,1,,,,
P0166,,QB,Drop-Back,"Slowing before the plant, arriving early, or arrhythmic tempo.","Maintain consistent tempo through all seven steps — smooth, without slowing before the final plant or arriving early.",511,1,,,,
P0167,,QB,Drop-Back,Step too long/short for the quick-game rhythm.,Use the correct step length for quick-game timing — creating separation and throwing rhythm without disrupting accuracy.,232,1,,,,
P0168,,QB,Drop-Back,"Too shallow (no lane) or too deep/drifting after the fake, breaking timing. (Absolute depth needs a scale reference.)",Maintain proper depth from the line of scrimmage after the snap and fake — depth creates throwing lanes while preserving route timing.,380,1,,,,
P0169,,QB,Drop-Back,Too shallow/deep for the five-step concept. (Absolute depth needs a scale reference.),Reach the designed five-step depth while maintaining throwing posture — creating proper separation from the line of scrimmage and allowing route development.,503,1,,,,
P0170,,QB,Drop-Back,Too shallow/deep for the seven-step concept. (Absolute depth needs a scale reference.),Reach the proper seven-step depth while maintaining a balanced throwing posture — creating protection space while preserving timing with deeper routes.,515,1,,,,
P0171,,QB,Drop-Back,Too shallow/deep for the three-step concept. (Absolute depth needs a scale reference.),Reach the designed three-step depth while maintaining throwing posture — depth allows proper timing and separation from the rush.,484,1,,,,
P0172,,QB,Drop-Back,Unnecessary gather steps or lost posture out of the pistol snap.,"Transition from the pistol stance into the one-step movement immediately after receiving the snap — maintaining athletic posture, securing the football, and moving efficiently without unnecessary gather steps.",307,1,,,,
P0173,,QB,Drop-Back,Unnecessary gather steps or slow/uncontrolled transition after the catch.,"Transition from the shotgun stance into the one-step throwing movement immediately after receiving the snap — quick, controlled, maintaining throwing posture without unnecessary gather steps.",226,1,,,,
P0174,,QB,Drop-Back,Unnecessary movement or lost posture transitioning into the drop.,"Transition smoothly from the pistol stance into the five-step drop — securing the snap, maintaining athletic posture, and creating depth without unnecessary movement.",334,1,,,,
P0175,,QB,Drop-Back,Wasted movement between catch and drop.,Transition from the shotgun stance into the three-step movement after receiving the snap — the catch flowing directly into the drop without wasted movement.,241,1,,,,
P0176,,QB,Drop-Back,Wasted/choppy steps or feet out from under the body transitioning into the pass phase.,"Transition from the fake into the designed pass footwork with efficient steps — feet under the body, maintaining balance, rhythm, and timing.",371,1,,,,
P0177,,QB,Drop-Back,Weak drive step or lost balance/posture initiating the deeper drop.,Execute a strong drive step that initiates depth while maintaining balance and protecting the throwing posture.,517,1,,,,
P0178,,QB,Drop-Back,Weak or off-balance first step that fails to create depth.,Execute a strong initial step that creates depth while maintaining balance and throwing posture.,264;325,2,,,,
P0179,,QB,Drop-Back,Weak/misdirected first step or wasted movement initiating the drop.,Execute an efficient first step that creates proper depth while maintaining balance and controlled shoulders — initiating the drop without wasted movement.,499,1,,,,
P0180,,QB,Drop-Back,"Weight shifting forward onto the front foot, preventing a clean load.","Weight stays centred, not forward on the front foot.",1813;1814;1815;1816;1817;1818;1819,7,,,,
P0181,,QB,Drop-Back,Wrong depth relationship or inadequate throwing space. (Absolute depth needs a scale reference.),Maintain proper shotgun depth relationship through the five-step drop while creating adequate throwing space.,252;298,2,,,,
P0182,,QB,Drop-Back,"Wrong depth relationship, collapsing lanes or timing. (Absolute depth needs a scale reference.)",Maintain the correct pistol depth relationship from the center while completing the three-step drop — the depth creates throwing lanes and maintains timing.,321,1,,,,
P0183,,QB,Drop-Back,"Wrong mesh depth/timing/spacing, weak extension, or rushed retraction. (Mesh quality needs the RB + ball — not measurable solo.)","Execute the fake at correct depth, timing, and spacing with the RB — present the ball into the exchange window with both hands, extend to sell the run, hold the mesh long enough to influence defenders, then retract smoothly into a secure throwing position.",382,1,,,,
P0184,,QB,Drop-Back,Wrong shotgun depth relationship. (Absolute depth needs a scale reference.),Maintain proper shotgun depth relationship while completing the three-step drop — depth creating throwing space while preserving timing.,246,1,,,,
P0185,,QB,Drop-Back,"Wrong step count or inconsistent rhythm through the three steps. Crossover missing, or occurring on the wrong step (it belongs on the second). Steps too long or too choppy so the rhythm no longer matches the route.","Complete the correct three-step progression with consistent rhythm — each step building controlled depth while maintaining throwing posture. The drop contains ONE crossover step: the second step crosses to turn the hips toward the target and gain separation, with the third step planting to establish a balanced throwing base.",478,1,,,,
P0186,,QB,Drop-Back,"Wrong step count or inconsistent rhythm/spacing through the five steps. Fewer or more than two crossovers, or crossovers on the wrong steps. Steps too long or too choppy so the rhythm no longer matches the route.","Complete the correct five-step progression with consistent rhythm and spacing — each step building controlled depth while maintaining throwing posture. The drop contains TWO crossover steps, which clear the pocket and build the depth the intermediate route concepts need, finishing on a balanced plant.",493,1,,,,
P0187,,QB,Drop-Back,"Wrong step count or inconsistent rhythm/spacing. Crossover missing, or occurring on the wrong step (it belongs on the second). Steps too long or too choppy so the rhythm no longer matches the route.","Complete the three-step shotgun progression with consistent rhythm and spacing — each step maintaining timing with the route concept. The drop contains ONE crossover step on the second step, turning the hips toward the target before the plant.",247;322,2,,,,
P0188,,QB,Drop-Back,"Wrong step count or inconsistent rhythm/spacing. Fewer or more than two crossovers, or crossovers on the wrong steps. Steps too long or too choppy so the rhythm no longer matches the route.","Complete the five-step progression with consistent rhythm, spacing, and body control. The drop contains TWO crossover steps, building the depth intermediate concepts require before finishing on a balanced plant.",257;330,2,,,,
P0189,,QB,Drop-Back,"Wrong step count, drifting, or lost posture across the seven steps. Fewer or more than three crossovers, or crossovers on the wrong steps. Steps too long or too choppy so the rhythm no longer matches the route.","Complete the seven-step progression with consistent rhythm and spacing — creating depth without drifting or losing throwing posture. The drop contains THREE crossover steps, extending the five-step pattern with an additional crossover and plant sequence for deep, long-developing route concepts.",506,1,,,,
P0190,,QB,Exchange,"""Floating"" Away From the Line. Drifting backward into the backfield while running laterally, which closes down the pitch angle and lets one defender tackle both the QB and the RB.","Sprint laterally along the line of scrimmage, aggressively riding the line rather than retreating.",1234,1,,,,
P0191,,QB,Exchange,"""Spinning the Ball"". Trying to throw a spiral on a toss, which makes the ball highly unstable in the air and incredibly difficult for a moving running back to track and catch cleanly.","Flick the wrists dynamically upon release to create a natural, end-over-end tumble.",1272,1,,,,
P0192,,QB,Exchange,"An off-track approach to the mesh, poor body position or balance, or the ball not presented into the running path. (Mesh quality itself — the running back securing the ball — needs the RB and ball tracking; not judged from a solo clip.)","Reach the designed mesh point right off the line of scrimmage on the correct track, presenting the ball with both hands into the running path while keeping body position and balance. (What the camera can judge is the QB's own track, reach, and ball position relative to his body; whether the running back secures the exchange needs the RB in frame.)",535,1,,,,
P0193,,QB,Exchange,Ball loose/low or away from the torso approaching the exchange. (Ball position needs ball tracking.),"Secure the football with two hands — throwing hand controls the back half, off-hand secures the front — ball tight to the chest/torso until the exchange phase.",276;350;534,3,,,,
P0194,,QB,Exchange,"Collapsing the mesh window, poor spacing or body position, or the ball not kept flat and secure into the mesh. (The running back securing the exchange needs the RB and ball tracking; not judged from a solo clip.)","From the shotgun, reach the mesh maintaining proper spacing to the line of scrimmage, keeping the ball flat and secure and creating a prolonged mesh window (the ball riding from the catch back toward the hip) while holding body position and balance. (Camera judges the QB's own spacing, ball carriage relative to his body, and reach; the exchange itself needs the RB.)",285,1,,,,
P0195,,QB,Exchange,"Drifting off the designated track or mesh position, breaking timing/spacing/blocking angles. (Under center the handoff is at the mesh, not depth-based; absolute distance needs a scale reference.)","Under center, the exchange happens at the mesh right off the line of scrimmage, so depth is not the governing relationship — hold the designated track and mesh position (rather than a fixed backfield depth) so timing, spacing, and blocking angles are preserved.",531,1,,,,
P0196,,QB,Exchange,"Early/over-rotation of the shoulders, exposing the ball or disrupting placement.",Position shoulders to support the exchange while maintaining body control and allowing the RB a clear running path — avoid early/unnecessary rotation.,283;360;539,3,,,,
P0197,,QB,Exchange,Eyes tip the play or disrupt the exchange. (Eye gaze/discipline not pose-measurable — deferred.),Maintain appropriate eye discipline based on the run concept — eyes support deception without interfering with the exchange mechanics.,275;353;533,3,,,,
P0198,,QB,Exchange,"Failing to clear the center-to-tailback line, a loose or wide pattern instead of the tight two-step, or toes not aligned to the back's track. (The 45° / A-gap opening is illustrative of clearing the midline, not a fixed threshold; the aiming point depends on the run concept, which is not captured — reported, not judged.)","Use a tight two-step footwork pattern (for example opening at roughly 45° into the A-gap) to clear entirely off the center-to-tailback straight line, aligning the toes parallel to the running back's incoming track — controlled, downhill-connected steps with proper spacing, timing and balance.",354,1,,,,
P0199,,QB,Exchange,"Failing to Clear the Center. Whipping around too fast before completely securing the snap, resulting in an immediate center-exchange fumble.",Secure the snap completely from the center before initiating any rotational movement.,1233,1,,,,
P0200,,QB,Exchange,"Failing to open toward the run, stepping off the designated track, or crossing/choppy steps that stop momentum or drift off the path. (The track's aiming point depends on the called run concept, which is not captured — the app reports the track / open angle but does not judge which is correct.)","After securing the snap (ball 'butt to gut' — both hands to the stomach/chest before any movement), pivot and open toward the direction of the run and step along the designated track that matches the running back's path — efficient steps, proper spacing, timing and balance, staying on the track — with the eyes up on the read key / defensive line and peripheral vision guiding the exchange. The toes point along the designated track for the called run (the aiming point varies by run concept).",529,1,,,,
P0201,,QB,Exchange,"Hesitation, rushing, or a broken rhythm in the QB's own steps and hands into the mesh. (Whether the exchange itself is synchronised with the running back needs the RB in frame; not judged from a solo clip.)","Execute the QB's own footwork and hands into the mesh with smooth, unhurried timing and rhythm — no hesitation or rushing on the way to and through the exchange, matching the designed track and tempo. (What the camera can judge is the QB's own step timing and rhythm into the mesh; the two-player synchronisation with the running back needs the RB in frame.)",280;351;530,3,,,,
P0202,,QB,Exchange,"Hips open early or drift off the exchange path, exposing the ball / hurting balance.","Keep hips aligned with the exchange path, square and underneath the body to support balance — avoid early opening that exposes the football.",281;349;536,3,,,,
P0203,,QB,Exchange,"Losing the downhill track or the balanced base, or the ball not seated for the deeper tailback's straight path through the mesh. (The running back securing the exchange needs the RB and ball tracking; not judged from a solo clip.)","From the pistol, reach a downhill mesh on a balanced base with the ball seated near the back hip/belly and soft, pressure-ready hands, letting the deeper-aligned tailback press straight through the mesh point. (Camera judges the QB's downhill track, base, and ball position relative to his body; the exchange itself needs the RB.)",359,1,,,,
P0204,,QB,Exchange,"Mistimed or bobbled catch, hands not presented up, or an unbalanced entry into the exchange. (Hand/ball detail needs the hand model / ball tracking; ~5 yards is a recommendation, not a threshold.)","Receive the shotgun snap — aligned roughly 5 yards behind the center in an athletic, slightly-staggered base with the hands up, catching the ball thrown through the air (not a butt-to-gut exchange) — with proper timing and rhythm, body balanced and prepared to execute the exchange.",286,1,,,,
P0205,,QB,Exchange,"Mistimed or bobbled catch, or an unbalanced entry that isn't ready for the downhill mesh. (Hand/ball detail needs the hand model / ball tracking; ~3 yards is a recommendation, not a threshold.)","Receive the pistol snap — aligned closer to the line (roughly 3 yards) in an upright posture to survey the defense, catching the ball cleanly and preparing for the downhill mesh — with proper timing and rhythm, body balanced and prepared to execute the exchange.",355,1,,,,
P0206,,QB,Exchange,"Mistimed or bobbled snap, hands not seated under center, or an unbalanced entry into the exchange. (Hand/ball detail needs the hand model / ball tracking.)","Receive the snap from under center — hands seated under the center, the ball delivered 'butt to gut' and immediately secured with both hands to the stomach/chest — with proper timing and rhythm, body balanced and prepared to execute the exchange.",540,1,,,,
P0207,,QB,Exchange,"Not clearing the midline, opening with the wrong foot, toes not squared parallel to the line, or crossing/choppy steps that stop momentum or drift off the path. (The track's aiming point depends on the run concept, which is not captured — reported, not judged.)","Step off the midline ('step in the bucket') with the foot closest to the running back's side, squaring the toes parallel to the line of scrimmage into an athletic, basketball-defensive-stance base — efficient steps into and through the exchange with proper spacing, timing and balance, staying on the designed path. The toes align to the designated track for the called run (aiming point varies by concept).",278,1,,,,
P0208,,QB,Exchange,Poor placement — wrong height/angle/firmness or misaligned with the RB's pocket. (Fully needs ball tracking + the RB — not measurable solo.),"Place the football into the pocket created by the RB's arms and body — correct height, angle, and firmness, with nose/tip placement matching the running back's carry technique.",279;352;537,3,,,,
P0209,,QB,Exchange,"Pulls away early, releases to one hand, or exposes the ball before the RB secures it. (Ball position + possession need ball tracking + the RB.)",Maintain two-hand control until the RB has secured possession — do not pull away early or expose the football during the exchange.,282;357;532,3,,,,
P0210,,QB,Exchange,"Staring Down the Target. Looking directly at the pitch man or shovel receiver early, alerting the linebackers and allowing them to jump the play.",Hold the attack trajectory until the defender physically commits to your chest.,1276,1,,,,
P0211,,QB,Exchange,Stops/stands up or loses balance instead of continuing the designed carry-out action. (Exchange-completion part needs the RB.),"Complete the exchange with proper follow-through — maintain balance and continue the designed carry-out, fake, boot, or protection responsibility.",284;358;538,3,,,,
P0212,,QB,Exchange,"Wrong pistol depth relationship, breaking timing/spacing/blocking angles. (~3 yards is a recommendation, not a calibrated threshold; absolute depth needs a scale reference.)","From the pistol alignment (closer to the line, roughly 3 yards, upright to survey the defense), maintain the correct depth relationship so the exchange with the deeper-aligned tailback keeps its timing, spacing, and blocking angles.",356,1,,,,
P0213,,QB,Exchange,"Wrong shotgun depth relationship, breaking timing/spacing/blocking angles. (~5 yards is a recommendation, not a calibrated threshold; absolute depth needs a scale reference.)","From the shotgun alignment (roughly 5 yards behind the center), maintain the correct depth relationship to the line of scrimmage and the running back's path so timing, spacing, and blocking angles hold.",277,1,,,,
P0214,,QB,Pocket Movement,"Ball drops to one hand or away from the chest, elbows flared, while navigating the pocket. (Ball Position needs ball tracking.)",Maintain secure two-hand control of the football while navigating the pocket — ball tight to the chest with elbows close to the body until the throwing motion begins.,408,1,,,,
P0215,,QB,Pocket Movement,Ball drops to one hand or away from the torso while climbing. (Ball Position needs ball tracking.),Protect the football with two hands while climbing — ball remains tight to the torso until the throwing decision is made.,386,1,,,,
P0216,,QB,Pocket Movement,Ball exposed or dropped to one hand during the slide. (Ball Position needs ball tracking.),Keep two-hand control until ready to throw — the ball remains protected from pressure.,436,1,,,,
P0217,,QB,Pocket Movement,Ball exposed/one-handed while escaping — strip risk. (Ball Position needs ball tracking.),Secure the football with two hands while escaping — ball remains protected until the throwing decision.,398,1,,,,
P0218,,QB,Pocket Movement,Base collapses or feet leave the ground unnecessarily during the slide.,Maintain a stable base throughout the slide — feet remain connected to the ground.,435,1,,,,
P0219,,QB,Pocket Movement,Base collapses too narrow or spreads too wide during pocket movement.,"Maintain an athletic throwing base with feet approximately shoulder-width apart throughout pocket movement — stable, without becoming too narrow or excessively wide.",416,1,,,,
P0220,,QB,Pocket Movement,"Base narrows, posture breaks, or feet get out from under the body during the slide.","Slide efficiently left or right while maintaining base width, posture, and throwing readiness — feet remain underneath the body throughout the movement.",407,1,,,,
P0221,,QB,Pocket Movement,Base too narrow to absorb contact or redirect while climbing.,Maintain a functional throwing base during movement — feet separated enough to absorb contact and redirect.,389,1,,,,
P0222,,QB,Pocket Movement,Base too narrow/wide or unbalanced on recovery.,Return to a stable throwing base with appropriate width and balance.,417,1,,,,
P0223,,QB,Pocket Movement,"Can't set a stable, aligned platform out of the climb.","Transition from movement into a stable throwing position with feet, hips, and shoulders aligned.",392,1,,,,
P0224,,QB,Pocket Movement,Can't transition from the escape into a throwing posture when needed.,Transition from escape movement into a throwing posture when required.,396,1,,,,
P0225,,QB,Pocket Movement,Carrying the Ball Low. Holding the ball down at your waist while sprinting out wide. Carrying the ball low lengthens your release time and increases the risk of a strip-fumble from a trailing defender.,"Secure the ball tightly under your chin with both hands. Lean your shoulders forward and sprint horizontally toward the flat, using pure athletic speed to gain the edge on the defense.",267,1,,,,
P0226,,QB,Pocket Movement,"Clicking Heels. Turning around so tightly on the open-gate pivot that your feet trip over each other. A sloppy first pivot slows your lateral velocity, letting an edge rusher hit you instantly.","Secure the snap cleanly. Take an immediate, wide open-gate pivot step at a 90-degree angle toward your rollout side, instantly clearing your frame from the center-exchange space.",340,1,,,,
P0227,,QB,Pocket Movement,"Clicking Heels. Turning around so tightly that your feet trip over each other. A sloppy first pivot slows your lateral velocity, letting an edge rusher hit you instantly.","On the snap, execute an immediate open-gate pivot (opening your hips 90 degrees directly toward your rollout path) and take a violent, deep escape stride sideways.",520,1,,,,
P0228,,QB,Pocket Movement,Crossing the feet or creating instability during the lateral slide.,Use controlled lateral steps with feet underneath the body — feet should not cross or create instability.,432,1,,,,
P0229,,QB,Pocket Movement,"Crossing the feet, choppy/oversized steps, or unnecessary movement in the pocket.","Execute efficient pocket footwork using short, controlled steps without crossing the feet or creating unnecessary movement — maintaining proper stride length and rhythm while preparing to throw.",415,1,,,,
P0230,,QB,Pocket Movement,"Drifting, bouncing, or excess lateral movement beyond what's needed to avoid pressure.","Move only as much as necessary to avoid pressure while maintaining throwing posture — avoid drifting, bouncing, or unnecessary lateral movement.",412,1,,,,
P0231,,QB,Pocket Movement,"Drops the eyes, panics, or fails to adjust to pressure while keeping throwing posture. (Pressure recognition itself not pose-measurable — deferred.)","Following the drop, maintain awareness of edge and interior pressure while keeping vision downfield — sense pressure without dropping the eyes and adjust movement while remaining in a throwing posture.",405,1,,,,
P0232,,QB,Pocket Movement,Escapes a clean pocket or misreads the break. (Perception/decision not pose-measurable — deferred.),Identify when pocket integrity has broken and determine the correct escape path.,402,1,,,,
P0233,,QB,Pocket Movement,Excessive forward/backward lean or collapsed posture while climbing.,Maintain athletic posture with chest up and spine stacked over the hips — avoid excessive leaning forward or backward.,390,1,,,,
P0234,,QB,Pocket Movement,Excessive lateral drift instead of a forward climb.,"Climb forward through the pocket with minimal lateral drift, preserving throwing lanes and relationship with the offensive-line structure.",385,1,,,,
P0235,,QB,Pocket Movement,Eyes drop to the rush / ground while escaping. (Actual gaze not pose-measurable — deferred.),Keep eyes active downfield while escaping rather than focusing only on the rush.,403,1,,,,
P0236,,QB,Pocket Movement,Eyes drop to the rush/ground during movement. (Eye gaze/scanning not pose-measurable — deferred.),Maintain vision downfield throughout pocket movement while scanning defensive coverage and pressure — avoid dropping the eyes during movement.,414,1,,,,
P0237,,QB,Pocket Movement,"Failing to Direct the Foot. Planting with your toe still pointed toward your deep drop track. This causes you to drift endlessly toward the sideline, completely shrinking your throwing window and running out of bounds.","As you reach a depth of 6-7 yards deep in the backfield, slam your outside foot into the turf, instantly pointing your toe down a linear, downhill track toward the line of scrimmage. This foot serves as your steering rudder to stop your backward drift.",522,1,,,,
P0238,,QB,Pocket Movement,"Failing to Direct the Foot. Planting with your toe still pointed toward your deep drop track. This causes you to drift endlessly toward the sideline, completely shrinking your throwing window.","At the apex of your rollout, slam your trailing foot into the ground with the toe pulled up into sharp dorsiflexion. Instantly pivot and point your toe back downhill toward the line of scrimmage to gain control of your momentum.",268,1,,,,
P0239,,QB,Pocket Movement,"Failing to Point the Toe. Planting with your foot still pointed wide of the target path. You will slip, blow out your base, or delay your break, resulting in an inaccurate, off-balance throw.","As you clear the tackle box, slam your outside foot hard into the turf, instantly pointing your toe down a linear, downhill track toward the line of scrimmage. This compact step serves as your steering rudder to stop your backward drift.",342,1,,,,
P0240,,QB,Pocket Movement,"Fails to climb from edge pressure, or overruns the pocket. (OL relationship implies linemen not in a solo clip.)",Step vertically within the pocket to avoid edge pressure while maintaining throwing mechanics — controlled movement without overrunning protection.,409,1,,,,
P0241,,QB,Pocket Movement,False/unnecessary steps before moving to space.,Initiate movement toward available pocket space without unnecessary steps.,429,1,,,,
P0242,,QB,Pocket Movement,Finishes the climb off-balance or unable to continue into a throw/escape.,Complete the climb while maintaining balance and the ability to continue throwing or escaping.,393,1,,,,
P0243,,QB,Pocket Movement,Finishes the reset off-balance or not ready for continued action.,Finish the movement controlled and ready for continued action.,423,1,,,,
P0244,,QB,Pocket Movement,Finishes the slide off-balance or not ready for the next action.,End the movement balanced and ready for the next action.,430,1,,,,
P0245,,QB,Pocket Movement,Head drops or bobs with the lower body. (Actual gaze not pose-measurable — deferred.),Keep eyes downfield while moving — head remains stable and independent from lower-body movement.,388,1,,,,
P0246,,QB,Pocket Movement,Head turns down/away from downfield during the slide. (Gaze not pose-measurable — deferred.),Maintain visual focus downfield while the body moves laterally.,431,1,,,,
P0247,,QB,Pocket Movement,Hips drift out from under the torso or over-open into the throw.,Maintain hips underneath the torso while moving and rotate efficiently into the throw without over-opening.,404,1,,,,
P0248,,QB,Pocket Movement,Hips left off-target or unable to rotate after reset.,Re-center the hips toward the target while maintaining rotational ability.,425,1,,,,
P0249,,QB,Pocket Movement,Hips lock up or shoulders lose throw-readiness during repositioning.,Allow the hips to rotate and reposition while keeping the shoulders ready to throw.,434,1,,,,
P0250,,QB,Pocket Movement,Inefficient acceleration or upright posture killing speed. (Ball control part needs ball tracking.),Accelerate efficiently with forward body lean while maintaining control of the football.,394,1,,,,
P0251,,QB,Pocket Movement,Late/unintentional movement or moving into pressure. (Pressure recognition itself not pose-measurable — deferred.),Recognize pressure location and identify available space before movement begins — movement is intentional and creates a cleaner throwing lane.,387,1,,,,
P0252,,QB,Pocket Movement,"Long/uncontrolled steps or crossing the feet, losing balance.","Use short, controlled steps while maintaining a balanced base — feet remain underneath the body and avoid crossing.",384,1,,,,
P0253,,QB,Pocket Movement,Loses balance on the cut or no clear plant-foot transition.,Change direction without losing balance — the plant foot creates a controlled transition.,401,1,,,,
P0254,,QB,Pocket Movement,Loses body control finishing the escape. (Ball protection part needs ball tracking.),Complete the escape while maintaining control and protecting the football.,399,1,,,,
P0255,,QB,Pocket Movement,Loses target vision during the reset. (Gaze not pose-measurable — deferred.),Maintain or re-establish vision on the target throughout repositioning.,420,1,,,,
P0256,,QB,Pocket Movement,Needs extra gather steps to recover the throwing base after sliding.,Transition from the slide movement into a throwing base without extra gather steps.,428,1,,,,
P0257,,QB,Pocket Movement,Off-balance — head/shoulders/hips/feet out of alignment while moving. (Weight-centering is a proxy via hip-over-base.),"Maintain body control with weight centered over the mid-foot — head, shoulders, hips, and feet remain aligned while climbing, sliding, or resetting.",411,1,,,,
P0258,,QB,Pocket Movement,Out-of-sequence (arm-first) throw after the reset.,Initiate the throw using the proper lower-body-to-upper-body sequence after the reset.,422,1,,,,
P0259,,QB,Pocket Movement,Over-leaning (losing vision/control) or too upright (losing speed). (Vision = gaze deferred; ball = proxy.),Maintain appropriate forward lean for acceleration without compromising vision or ball security.,397,1,,,,
P0260,,QB,Pocket Movement,Overstriding the Plant. Reaching too far forward to change direction out of the linear track. This locks up your hips and prevents you from getting your shoulders squared up to make an accurate throw.,"Slip the ball out of the mesh late. Slam your outside foot down hard under your hips with the toe pulled up into sharp dorsiflexion. Instantly point your toe toward the perimeter to drive your body weight out of the linear track and onto a wide, looping rollout line.",347,1,,,,
P0261,,QB,Pocket Movement,Poor escape direction into leverage/traffic. (Decision needs defenders in frame — deferred.),Choose an efficient escape direction based on defensive leverage and available space.,400,1,,,,
P0262,,QB,Pocket Movement,Posture left collapsed/leaning after reset.,Restore neutral posture with chest up and shoulders stacked over the hips.,418,1,,,,
P0263,,QB,Pocket Movement,Reacts with upper-body lurching instead of a controlled first step.,Initiate movement with controlled footwork rather than excessive upper-body movement — the first step creates forward pocket space.,391,1,,,,
P0264,,QB,Pocket Movement,"Rounding the Corner. Drifting too deep or running a lazy, wide circle into the backfield. Failing to point your foot and drive flat along the edge allows an unblocked defensive end to hunt you down for a loss.","Rip the ball out of the mesh at the last millisecond. Slam your outside foot hard into the turf, instantly pointing your toe and directing your final step down a wide, looping track toward the opposite edge. Hide the ball tightly against your back hip as you clear the edge.",527,1,,,,
P0265,,QB,Pocket Movement,"Rushing the Pull. Sucking the ball back before the running back has fully closed their arms around the fake. A premature pull ruins the structural illusion, allowing the defense to immediately play the bootleg.","Secure the deep snap cleanly. Take a quick, short directional step toward the side of the incoming running back, prepping your hips for a high-speed diagonal crossing mesh.",271,1,,,,
P0266,,QB,Pocket Movement,Shoulders left misaligned with the target after reset.,Align the shoulders with the target after movement.,424,1,,,,
P0267,,QB,Pocket Movement,Shoulders tilt or hips drift out from under the body during the slide.,Maintain balanced posture while moving sideways — shoulders remain level and hips stay underneath the body.,427,1,,,,
P0268,,QB,Pocket Movement,"Shoulders tilt/open early during movement, hurting the throw.",Keep shoulders level and square through movement before aligning the lead shoulder toward the throwing target — avoid opening early.,410,1,,,,
P0269,,QB,Pocket Movement,Slides toward pressure or drops the eyes. (Pressure recognition itself not pose-measurable — deferred.),Identify pressure direction and move away from the threat while maintaining vision downfield.,433,1,,,,
P0270,,QB,Pocket Movement,"Slow or unbalanced reset — feet not set, hips unloaded, or shoulders not aligned after moving.","Re-establish a balanced throwing posture immediately after movement — feet underneath the body, hips loaded, and shoulders aligned toward the target.",413,1,,,,
P0271,,QB,Pocket Movement,Slow/inefficient hand separation delaying the throw. (Ball Position needs ball tracking.),Transition the football into proper throwing position with efficient hand separation.,421,1,,,,
P0272,,QB,Pocket Movement,"Slow/unstable to set the throwing platform after movement — poor base, transfer, or alignment.","Establish an immediate throwing-ready position after movement with balanced feet, proper weight transfer, loaded hips, and shoulders aligned toward the target.",406,1,,,,
P0273,,QB,Pocket Movement,"Standing Too Upright. Failing to bend at the waist during the linear handoff fake. Standing straight up exposes the empty ball to the linebackers, giving away the bootleg instantly.","Stick the ball deep into the stomach of the running back as they charge directly downhill. Keep your head and eyes locked into the mesh, shielding the ball with your upper torso to sell a heavy interior run play.",346,1,,,,
P0274,,QB,Pocket Movement,"Staring Downfield. Keeping your eyes up and looking downfield during the mesh. If you don't commit your vision and head to the fake handoff, the linebackers will never bite on the run.","Seat the ball deeply into the running back's belly pocket with both hands. Ensure your head and eyes snap completely down into the fake mesh point, bending your waist slightly to shield the ball with your upper torso from the eyes of the linebackers.",526,1,,,,
P0275,,QB,Pocket Movement,"The Floppy-Foot Slide. Planting with a loose, downward-pointing toe when trying to change direction. This causes you to slip on the grass and delays your escape to the perimeter.","Pull the ball back sharply. Slam your back foot hard into the dirt, pull your toe up sharply right before impact to anchor, and instantly direct your step out wide to the opposite flat. Keep your body compact to accelerate away from the unblocked defender.",273,1,,,,
P0276,,QB,Pocket Movement,Wasted/extra steps to replace the feet before throwing.,Replace the feet efficiently underneath the body after movement — no wasted steps before throwing.,426,1,,,,
P0277,,QB,Pocket Movement,Weak/off-balance first escape step — no separation.,Create separation from pressure with the first movement step while maintaining balance.,395,1,,,,
P0278,,QB,Pocket Movement,Weight left uneven/off-balance after reset. (Force is a proxy; balance/stance is the signal.),Restore balanced weight distribution between the feet to support throwing mechanics.,419,1,,,,
P0279,,QB,Stance,Base too narrow or too wide for a balanced exchange platform.,"Feet approximately shoulder-width apart — roughly under the armpits — establishing a balanced athletic base that supports efficient snap reception and immediate movement after the exchange, with knees comfortably flexed and weight balanced on the balls of the feet.",546,1,,,,
P0280,,QB,Stance,Base too narrow or too wide for balanced shotgun reception.,Feet establish a balanced athletic base that supports clean shotgun reception and immediate movement after the catch.,291,1,,,,
P0281,,QB,Stance,Base too narrow/wide for balanced downhill movement.,Feet establish an athletic base supporting downhill movement immediately following snap reception.,367,1,,,,
P0282,,QB,Stance,Feet misaligned — poor balance during the catch/transition.,Feet remain aligned to support balance during the catch and efficient transition into the offensive play.,293,1,,,,
P0283,,QB,Stance,"Feet square with no stagger, or the THROWING-side foot back instead of the non-throwing side — the back leg cannot load and the QB takes a false step forward to start the drop. Stagger too deep or too shallow to push off cleanly, or toe angle creating an unstable platform. (Judging which foot should be back requires the player's handedness.)","Feet are staggered so the NON-THROWING-side foot sits slightly back — left foot back for a right-handed QB, right foot back for a left-handed QB. The stagger loads the back leg, lets the QB push off efficiently, and starts the drop without a false step forward. Feet stay roughly shoulder-width apart (about armpit width) with knees comfortably flexed and a stable toe-to-heel relationship and toe angle. NOTE: the stagger direction depends on the player's throwing hand — handedness must be supplied by the app before this can be judged; without it, report the observed stagger without scoring it.",542,1,,,,
P0284,,QB,Stance,"Hands not seated under center, poor palm/finger relationship, or elbows flared — muffed/insecure snap. (Finger detail needs the hand model.)","Bottom hand directly beneath the center with palm facing upward, top hand covering — fingers naturally spread and relaxed for a broad receiving target, wrists relaxed and elbows close to cushion the snap and immediately secure the football.",545,1,,,,
P0285,,QB,Stance,"Hands off the window, stiff, or poor finger spread. (Finger detail needs the hand model.)","Hands positioned comfortably in front of the torso at the anticipated snap location — fingers naturally spread and relaxed with elbows slightly flexed, creating a consistent receiving window that cushions the football into secure two-hand possession.",364,1,,,,
P0286,,QB,Stance,"Hands too high/low/wide of the window, stiff wrists, or poor finger spread. (Finger detail needs the hand model.)","Hands positioned comfortably in front of the torso at the expected snap location — fingers naturally spread with thumbs relaxed, elbows slightly flexed, and wrists soft to absorb the football cleanly into the body.",296,1,,,,
P0287,,QB,Stance,Head not neutral/level. (Actual eye focus not pose-measurable — deferred.),Head remains neutral while eyes focus on the expected snap location and maintain awareness of defensive alignment.,361,1,,,,
P0288,,QB,Stance,Head not neutral/level. (Actual eye tracking not pose-measurable — deferred.),Head remains neutral while eyes track the anticipated snap location and maintain awareness of defensive alignment.,288,1,,,,
P0289,,QB,Stance,Head tilted/dropped or chin not level. (Actual eye focus not pose-measurable — deferred.),Head remains neutral with the chin level — eyes maintain disciplined pre-snap focus while preserving proper body posture and awareness.,548,1,,,,
P0290,,QB,Stance,Hips off-square or not underneath the torso.,Hips remain square underneath the torso to maintain lower-body readiness immediately after the catch.,292;370,2,,,,
P0291,,QB,Stance,Hips rotated/off-square or not underneath the torso.,"Hips remain square underneath the torso, allowing efficient force transfer immediately following the snap.",547,1,,,,
P0292,,QB,Stance,Hips unloaded/too high or spine rounded — not compact/balanced for the snap.,Hips remain loaded with the chest upright and spine neutral — the body remains compact and balanced while preparing to receive the snap.,541,1,,,,
P0293,,QB,Stance,Hips unloaded/too high or spine rounded — poor receiving posture.,"Chest remains upright, hips loaded, and spine neutral while maintaining an athletic receiving posture.",287,1,,,,
P0294,,QB,Stance,Hips unloaded/too high or spine rounded — poor support for run/pass.,"Maintain loaded hips, controlled chest, and neutral spine to support both downhill run action and passing mechanics.",368,1,,,,
P0295,,QB,Stance,Knees locked or over-bent — loses explosive readiness.,"Knees remain slightly flexed, allowing explosive movement immediately after securing the football.",294;366,2,,,,
P0296,,QB,Stance,Knees locked straight or over-bent — loses athletic readiness.,"Knees remain slightly flexed, creating an athletic posture that supports a stable exchange and efficient movement after possession.",549,1,,,,
P0297,,QB,Stance,Shoulders not square to the LOS.,"Shoulders remain square to the line of scrimmage, allowing immediate transition into throwing, run, or mesh mechanics.",295;369,2,,,,
P0298,,QB,Stance,Shoulders tilted or not square to the LOS/center.,"Shoulders remain level and square to the line of scrimmage and center, allowing a controlled snap exchange and efficient transition into the play.",543,1,,,,
P0299,,QB,Stance,"Too shallow/deep behind center, forcing a reach or drift for the snap. (Absolute depth needs a scale reference.)",Align at the prescribed depth behind the center while maintaining posture that allows the snap to enter the center of the receiving window without reaching or drifting.,289,1,,,,
P0300,,QB,Stance,"Too shallow/deep behind center, hurting the window or timing. (Absolute depth needs a scale reference.)",Align at the prescribed depth behind the center to ensure the football enters the optimal receiving window and preserves offensive timing.,362,1,,,,
P0301,,QB,Stance,"Weight on the heels or rocking forward/backward, delaying movement. (Force is a proxy via ankle/COM position.)","Weight centered through the mid-foot and balls of the feet, allowing explosive movement immediately after the snap without rocking forward or backward.",544,1,,,,
P0302,,QB,Stance,Weight on the heels or unnecessary body movement during reception. (Force is a proxy via ankle/COM position.),"Weight remains balanced through the mid-foot and balls of the feet, allowing efficient reception without unnecessary body movement.",290,1,,,,
P0303,,QB,Stance,Weight on the heels — delays downhill movement. (Force is a proxy via ankle/COM position.),"Weight remains balanced through the mid-foot and balls of the feet, supporting efficient reception and downhill movement.",363,1,,,,
P0304,,QB,Stance,Wrong stagger/toe angle — unstable reception or inefficient first movement.,"Feet maintain proper stagger, toe angle, and alignment for balanced snap reception and efficient first movement.",365,1,,,,
P0305,,QB,Throwing,Abrupt/unbalanced deceleration or hand finishes away from the target.,Decelerate naturally through the rotation — throwing hand finishes toward the target while maintaining balance.,462,1,,,,
P0306,,QB,Throwing,Accuracy breaks down as velocity increases. (Velocity/accuracy/trajectory need ball tracking + a target — not measurable solo.),Maintain accuracy while generating increased velocity through rotational force.,458,1,,,,
P0307,,QB,Throwing,Accuracy suffers from the reduced platform. (Accuracy/trajectory need ball tracking + a target — not measurable solo.),Deliver an accurate pass despite the reduced lower-body contribution.,444,1,,,,
P0308,,QB,Throwing,All-arm throw — no ground-up energy transfer through the chain.,Generate force through the feet and transfer energy upward through the kinetic chain instead of relying only on the arm.,463,1,,,,
P0309,,QB,Throwing,"Arm fires before rotation (out of sequence) or elbow disconnects — arm-dominant, less velocity.",Arm accelerates after rotational sequencing begins — elbow stays connected to shoulder movement while the hand travels efficiently through the throw.,461,1,,,,
P0310,,QB,Throwing,Arm mechanics break down off the reduced (airborne) platform.,Maintain efficient throwing mechanics despite the reduced platform.,439,1,,,,
P0311,,QB,Throwing,"Arm-dominant throw with hips not initiating, or hips out of control on the lower slot.",Lower body still initiates force production — hips rotate toward the target while maintaining control.,469,1,,,,
P0312,,QB,Throwing,Ball misses the tight window or loses velocity. (Accuracy/velocity/window need ball tracking + a target — not measurable solo.),Deliver accurate throws through tighter throwing windows while maintaining velocity and control.,468,1,,,,
P0313,,QB,Throwing,"Base doesn't support the lower slot, or feet/hips/shoulders disconnect from the target line.","Athletic throwing base that supports a lower release angle — feet, hips, and shoulders remain connected toward the target.",474,1,,,,
P0314,,QB,Throwing,"Base too narrow/wide, stiff knees, or off-center weight — poor force transfer.","Stable throwing base with feet ~shoulder-width apart, knees flexed, hips lowered, athletic torso, weight centered to allow efficient force transfer.",448,1,,,,
P0315,,QB,Throwing,Early release (before full transfer) or release point drifts as velocity rises — inconsistency. (Exact ball point needs ball tracking.),Ball releases after maximum energy transfer from the lower body through the torso; release stays consistent despite increased velocity.,466,1,,,,
P0316,,QB,Throwing,"Elbow drops/disconnects or the arm loops — inefficient, inconsistent path. (Ball position itself needs ball tracking.)","Throwing arm follows an efficient overhand path — elbow connected to shoulder position, hand traveling behind and through the football.",451,1,,,,
P0317,,QB,Throwing,"Excessive side-sweep or looping in the arm path — inefficient, inconsistent sidearm.",Arm travels efficiently through a lower horizontal path without excessive side movement or looping.,467,1,,,,
P0318,,QB,Throwing,Excessive sideways lean or falling away from the target — lost power and accuracy.,Transfer energy toward the target while avoiding excessive sideways lean or falling away from the throw.,473,1,,,,
P0319,,QB,Throwing,"Fingers off-center or no wrist snap — wobbly, uncontrolled rotation. (Finger detail needs the hand model; rotation needs ball tracking.)",Fingers positioned behind the football to create controlled rotation; wrist snaps naturally through release while maintaining ball control.,447,1,,,,
P0320,,QB,Throwing,Front shoulder opens early or shoulders tilt/dip through release — accuracy and power suffer.,Front shoulder stays directed toward the target during loading; shoulders rotate after hip initiation and remain level through release.,454,1,,,,
P0321,,QB,Throwing,"Hand cuts off early/across the body, or QB loses balance on the finish.",Throwing hand finishes toward the target; body decelerates naturally while maintaining balance and a recovery position.,452,1,,,,
P0322,,QB,Throwing,Hard/uncontrolled landing or off-balance recovery — no readiness for continued movement.,Land under control with the knees absorbing force and the body prepared for continued movement.,440,1,,,,
P0323,,QB,Throwing,Head drifts off the spine or destabilizes through the throw. (Actual eye gaze not pose-measurable — deferred.),Head remains stable over the spine; eyes stay focused on the target throughout the throwing sequence.,450,1,,,,
P0324,,QB,Throwing,"Hips and shoulders open together (no separation) — no stored torque, arm-dominant throw.",Create separation between hips and shoulders during loading — hips begin opening while shoulders remain closed to store rotational energy.,464,1,,,,
P0325,,QB,Throwing,Inconsistent arm slot or elbow disconnected from shoulder — erratic sidearm release.,Maintain a consistent sidearm angle — elbow position stays connected to shoulder movement and supports the intended throwing lane.,471,1,,,,
P0326,,QB,Throwing,Jump disrupts throwing posture or drifts off-line — lost control and accuracy.,Initiate controlled upward movement without disrupting throwing posture — the jump creates separation while maintaining directional control.,443,1,,,,
P0327,,QB,Throwing,"Legs flail or destabilize in the air, disrupting throwing alignment.",Maintain body awareness without ground contact — legs remain controlled to support throwing alignment.,442,1,,,,
P0328,,QB,Throwing,"Loses body position while trying to rotate in the air, or no rotation (all-arm airborne throw).",Generate rotational force while airborne without losing body position.,446,1,,,,
P0329,,QB,Throwing,"Over- or under-adjusting the torso angle, or losing posture/balance creating the lane.",Adjust body angle to create the sidearm throwing lane while maintaining posture and balance.,470,1,,,,
P0330,,QB,Throwing,Poor finger control at the altered angle — wobble or off-line rotation. (Finger detail needs the hand model; rotation needs ball tracking.),Fingers control the football's rotation and direction despite the altered arm angle.,476,1,,,,
P0331,,QB,Throwing,Release point varies from throw to throw at the sidearm slot — inconsistency. (Exact ball point needs ball tracking.),Football releases from a consistent sidearm position with proper timing and trajectory.,472,1,,,,
P0332,,QB,Throwing,"Release too low/late/far forward, or short arm extension — accuracy and velocity drop. (Exact ball-release point needs ball tracking.)","Ball releases at the optimal point above and slightly forward of the throwing shoulder, with arm extension and body alignment supporting accuracy.",449,1,,,,
P0333,,QB,Throwing,Releases too early/late in the jump (e.g. on the way down) — lost power/accuracy. (Exact ball point needs ball tracking.),Release the football at the correct timing point during the jump sequence.,445,1,,,,
P0334,,QB,Throwing,Shoulders drift off the target line while dropping to the lower slot.,Shoulders remain aligned with the target while supporting the lower arm slot.,475,1,,,,
P0335,,QB,Throwing,"Shoulders lead instead of hips, or hips slide laterally — broken sequence, lost torque.",Pelvis initiates rotation toward the target before the shoulders — hips rotate aggressively while maintaining posture and preventing lateral movement.,457,1,,,,
P0336,,QB,Throwing,Shoulders open before hips (out of sequence) or hips slide laterally — lost power and accuracy.,Hips initiate the throwing sequence before the shoulders — pelvis rotates toward the target while maintaining balance and preventing lateral slide.,456,1,,,,
P0337,,QB,Throwing,"Shoulders open prematurely, spending the stored separation too early.",Front shoulder controls direction while the upper body stays connected to hip rotation; shoulders avoid opening prematurely.,460,1,,,,
P0338,,QB,Throwing,Shoulders rotate off the target during the jump — accuracy suffers.,Shoulders remain directed toward the target through the jump and release.,441,1,,,,
P0339,,QB,Throwing,Torso disconnected from hip rotation or spine collapses — energy leak between lower and upper body.,Torso transfers energy from the lower body into the upper body — chest follows hip rotation while maintaining spine alignment.,465,1,,,,
P0340,,QB,Throwing,Torso/head destabilizes in the air or shoulders drift off target — airborne throw breaks down.,Maintain torso alignment while airborne — head stable and shoulders staying connected toward the target.,437,1,,,,
P0341,,QB,Throwing,Unstable or misaligned posture before takeoff — compromises the whole airborne throw.,Create a stable throwing posture before leaving the ground — lower body loads while maintaining alignment and balance.,438,1,,,,
P0342,,QB,Throwing,Weak/narrow base or torso not stacked — can't generate or transfer rotational force.,"Strong rotational base — feet connected to the ground, knees loaded, hips athletic, torso stacked over the lower body.",459,1,,,,
P0343,,QB,Throwing,"Weight drifts or collapses, or force stays on the back leg — power leaks out of the throw.","Transfer force from the back leg through the hips into the target direction; the lead leg creates stability, preventing excessive drift or collapse.",453,1,,,,
P0344,,QB,Throwing,Wrong velocity/trajectory/location for the route. (Ball outcome + accuracy need ball tracking + a target — not measurable solo.),"Deliver the football with appropriate velocity, trajectory, and location based on the route and defensive situation.",455,1,,,,
P0345,✳,RB/WR/TE,Ball Carry,"""The Double-Clutch"". Attempting to make a dynamic football move or turn up-field before the ball is completely secured in the hands, leading to direct drops or immediate bobble-fumbles upon first contact.","Instantly secure the catch in space and transition the ball directly to the body, completely avoiding any ""double-clutch"" or premature up-field turn before the ball is possessed.",704;1056;1082,3,,,,
P0346,,RB,Blocking,"""Catching"" the Blitzer. Standing static at the line and waiting for the defender to make contact, allowing them to easily bull-rush the back straight into the quarterback.",Take an aggressive forward step toward the assigned protection gap to meet the blitzer inside the pocket perimeter.,1138,1,,,,
P0347,,RB,Blocking,"Dropping the Head. Losing sight of the target right before contact, causing the fullback to completely miss the block.","Drive the palms hard directly into the defender's armpits, lifting upward to disrupt their center of gravity.",1156,1,,,,
P0348,,RB,Blocking,"Lunging / Bending at the Waist. Diving forward with the head down, making it effortless for an athletic blitzer to execute a quick side-step or swim move.",Keep the chest up and eyes locked squarely on the blitzing defender's core.,1151,1,,,,
P0349,,RB,Blocking,"Over-running the Angle. Charging directly at where the defender is pre-snap rather than tracking their movement, causing a total miss if the defender scrapes inside.",Take a lateral or diagonal departure step to strictly track the target's inside shoulder on an inside-out angle.,1140,1,,,,
P0350,,RB,Blocking,"Pop and Stop. Landing a heavy initial collision but instantly stopping all foot movement, which lets the defender bounce off and make the tackle. Also: Narrow Track - bringing the feet close together right before contact, making the fullback top-heavy and easy to tip over.","Keep the feet wide and drive them with high-knee, powerful movements to roll the defender vertically back out of the hole.",1165,1,,,,
P0351,,RB,Blocking,"Soft Contact. Using an arm-swipe or hitting with the shoulder instead of shooting the hands, resulting in a weak block that the defender easily sheds.","Shoot the hands tightly inside the defender's frame, locking onto the jersey cloth to control the block.",1160,1,,,,
P0352,✳,RB/WR/TE,Catching,"BENDING AT THE WAIST - keeping the legs straight and simply leaning over. This ruins balance, alters eye level dramatically, and prevents running after the catch. THUMBS-UP MISTAKE - trying to catch a low ball with the thumbs together like a chest catch, forcing the hands upside down so the ball slips straight through onto the ground. (Hand inversion needs the Hand landmarker.)","Track the downward trajectory and lower the entire body frame by bending at the knees and hips rather than folding at the waist. Drop the arms toward the grass with elbows tucked close to the torso, then invert the hands completely - pinky fingers pressed together, palms facing upward - creating a clean scoop to cradle the dipping ball.",724;1076;1102,3,,,,
P0353,✳,RB/WR/TE,Catching,"BODY CATCHING - letting the ball travel all the way into the chest pads instead of extending the hands, so it bounces off hard plastic armour and results in drops or deflections. (Hand shape needs the Hand landmarker.)","Hold a strong base with the eyes locked on the point of the ball. Shoot the arms forward away from the jersey to meet the ball early and maximise the catching radius, forming a tight symmetric diamond with thumbs and index fingers pressed together and palms turned outward to face the incoming ball.",718;1070;1096,3,,,,
P0354,✳,RB/WR/TE,Catching,"Breaking stride or stuttering during the tuck, which surrenders the separation the route created.","Complete the tuck without breaking the vertical sprint into the end zone, preserving the separation the route created.",1823;1824;1825,3,,,,
P0355,✳,RB/WR/TE,Catching,"EARLY EYES - snapping the head up to look at the defence while the ball is still inches from the pinkies, causing it to slip through the arms onto the grass. On a low catch there is no margin: the eyes must stay down until the fingers close.","Keep the eyes hyper-focused on the hands and slide the inverted basket underneath the path of the ball, fingertips angled slightly upward right before impact, letting the ball land smoothly into the pinky basket while the fingers instantly curl around the leather.",725;1077;1103,3,,,,
P0356,✳,RB/WR/TE,Catching,"Eyes leaving the ball before the tuck is complete - the head comes up to find defenders while the ball is still being secured, which is how a clean catch becomes a fumble. Also: no chin drop at all, so the catch is never visually confirmed.","Pull the ball tightly back into the ribcage, wrapping the arm completely over it for a four-point pressure hold. Instantly drop the chin to visually confirm the catch - nose to the tuck - before snapping the eyes upfield to look for defenders.",720;1072;1098,3,,,,
P0357,✳,RB/WR/TE,Catching,"Eyes lifting off the basket before the fingers close. On a low-and-wide catch the hands are at their furthest from the head, so peripheral tracking is at its least reliable and the margin is smallest.","Slide the inverted hands underneath the dipping path of the ball, with the chin tucked to the catch-side shoulder and the eyes glued to the grass-level pinky basket as the ball settles in.",716;1068;1094,3,,,,
P0358,✳,RB/WR/TE,Catching,"Head staying tilted up after the catch rather than following the ball down into the body, so the tuck is never visually confirmed. Also: landing stiff-legged without knee flexion, costing balance and the ability to run after the catch.","Pull the ball down violently to the chest as the feet return to the turf, the head snapping down to follow the ball's descent from the sky straight into the core, then immediately roll the body or shoulders over the ball to protect it from closing defenders.",723;1075;1101,3,,,,
P0359,✳,RB/WR/TE,Catching,"Looking up to run before the ball is rolled securely into the abdomen. The low catch is the least secure of all four, so any early upfield glance during the roll-up is how the ball ends up on the grass.","Roll the hands and forearms upward toward the stomach, cradling the ball securely against the body frame so it cannot slip out. The eyes stay locked on the ball as it transitions from the grass line up into the stomach - do not look up to run yet.",726;1078;1104,3,,,,
P0360,✳,RB/WR/TE,Catching,"PEEKING - letting the head drift back forward toward the end zone just before the ball drops into the bucket, so it hits the helmet or falls straight through the hands. THE PALMS-FORWARD BARRIER - facing the palms toward the line of scrimmage instead of up to the sky, creating a wall the ball bounces off rather than a basket it falls into.","The eyes track the nose of the ball dropping from the sky straight down into the open palms. The wrists stay completely loose and cushioned right before impact, letting the ball melt into the fingers without disrupting the running stride.",728;1080;1106,3,,,,
P0361,✳,RB/WR/TE,Catching,"REACHING EARLY - running downfield with the arms extended to the sky for ten yards. This alerts the defender to play the arms, slows top sprint speed, and makes tracking the ball far harder. (Basket formation needs the Hand landmarker.)","Sprint at top speed along the route track with a steady, bounce-free head. Keep the hands down and relaxed while running, extending the arms upward only at the absolute last second to keep the trailing defender blind, then raise the hands near collarbone or chin level with pinkies pressed together and palms open to the sky, forming a deep running basket.",727;1079;1105,3,,,,
P0362,✳,RB/WR/TE,Catching,"REACHING WITH ONE HAND - extending only the leading arm, cutting the catching surface in half. (Hand shape needs the Hand landmarker.)","Hold the running trajectory and snap the eyes toward the incoming ball, judging its lateral path while keeping stride length intact. Fire BOTH arms outward away from the torso into the lateral lane, torquing the upper chest slightly toward the ball without breaking the lower body's running line, and form a tight diamond out wide with thumbs and index fingers connected and palms squared to the side-angle trajectory.",709;1061;1087,3,,,,
P0363,✳,RB/WR/TE,Catching,"Snapping the head forward before the ball is secured into the chest pocket, so the catch is completed blind.","Clamp the fingers around the ball the instant it settles into the hands, pulling it straight down into the pocket arm position while the head stays rotated over the shoulder and the eyes stay locked on the hands until the ball is safely into the chest - all without breaking the vertical sprint into the end zone.",729;1081;1107,3,,,,
P0364,✳,RB/WR/TE,Catching,"THE BLIND PULL - tilting the head back down toward the turf before the hands secure the ball, resulting in a blind, clapping attempt at the apex. CLAPPING AT THE BALL - slapping the hands together from the sides; if the timing is off by a millisecond the palms hit the ball and knock it away.","Stare directly through the window created by the hands and pluck the ball out of the air at its highest possible point, fingers spread wide and thumbs facing each other right before impact, fingertips wrapping tightly around the tip and sides to halt its momentum mid-air.",722;1074;1100,3,,,,
P0365,✳,RB/WR/TE,Catching,"THE EARLY CENTRE DROP - catching the ball diagonally but snapping the head back to the centre of the field before pulling it down, leading to a blind tuck and a high chance of dropping it on turf impact.","Pluck the ball out of the air at its highest possible lateral apex, staring directly through the diagonal window formed by the hands. The head must not drift back toward the centre of the body before the ball is secured.",713;1065;1091,3,,,,
P0366,✳,RB/WR/TE,Catching,"THE EARLY LOOK - snapping the head up to look at an oncoming defender right before the ball hits the hands, causing a ricochet off the fingertips. THE STIFF-ARM CLANK - catching with locked-out elbows and hard palms; without joint elasticity a fast ball clanks off the hands. (Ball contact needs object detection.)","Let the nose of the ball enter the centre of the diamond while the eyes stay hyper-focused on the leather. The elbows stay relaxed and flexible to give with the ball and absorb its force, with the fingertips - not the palms - clamping the panels.",719;1071;1097,3,,,,
P0367,✳,RB/WR/TE,Catching,"The head returning to centre or upfield before the ball reaches the chest, completing the tuck blind - the most common way a spectacular high-and-wide catch becomes a drop on landing.","Pull the ball down violently across the chest, rolling the head diagonally downward to visually track the ball all the way from the high-outside quadrant into chest protection as the feet return to the turf.",714;1066;1092,3,,,,
P0368,✳,RB/WR/TE,Catching,"The head snapping back downfield while the ball is still being swept across the body, so the rotational momentum of the sweep pulls the eyes off the leather and the ball is lost mid-transfer.","Sweep the ball back tightly across the body into the core ribcage, instantly snapping the chin down and across the torso to visually lock the ball into the tuck position before looking upfield.",711;1063;1089,3,,,,
P0369,✳,RB/WR/TE,Catching,"The hips rotating with the chest, breaking the running line and costing stride.","Torque the upper chest toward the ball without breaking the lower body's running line, keeping stride length intact.",1820;1821;1822,3,,,,
P0370,✳,RB/WR/TE,Catching,"THE PERIPHERAL PEEK - trying to catch using only peripheral vision with the nose pointed straight downfield, which ruins hand-eye coordination and depth perception. THE STIFF LATERAL LOCKOUT - catching out wide with locked elbows, so the ball clanks off rigid fingertips.","Intercept the nose of the ball out wide in the centre of the diamond, elbows unlocked to absorb the high-velocity lateral momentum. The nose must be pointed exactly at the hands at the moment of impact - not tracking the ball peripherally.",710;1062;1088,3,,,,
P0371,✳,RB/WR/TE,Catching,"THE UP-AND-OUT PULL - catching the ball low and wide but immediately pulling the head up and away to look at a defender, so the ball slips out of the pinkies during the lateral sweep. The longest, least secure transfer of any catch in the set.","Roll the hands and forearms upward and across the stomach, keeping the head down and rotated laterally. Watch the ball leave the lateral plane and physically touch the stomach before the eyes snap up to run.",717;1069;1095,3,,,,
P0372,✳,RB/WR/TE,Catching,TURNING PINKIES OUT - reaching up for a high ball with the pinkies together instead of the thumbs. This turns the palms away from the ball and makes a clean high catch impossible. (Hand orientation needs the Hand landmarker.),"Track the high trajectory and time the jump or extension so the hands intercept the ball at the absolute apex of reach. Shoot both arms violently upward above the forehead with elbows slightly flexed, hands open wide with thumbs pressed tightly together and index fingers pointing up, creating an inverted triangle to look through.",721;1073;1099,3,,,,
P0373,✳,RB/WR/TE,Catching,"TURNING PINKIES UP - reaching up and out with the pinkies together, which turns the palms completely away from the ball's path. THE OVERHEAD CLAP - slapping the hands together laterally from the sides instead of clamping the ball's incoming line. (Hand orientation needs the Hand landmarker.)","Track the high, fading trajectory and time the jump or upper-body extension to meet the ball out wide at its highest point. Shoot both arms violently upward and outward on a 45-degree diagonal with elbows slightly flexed, hands open wide with thumbs locked together and index fingers pointing diagonally upward to form the overhead triangle.",712;1064;1090,3,,,,
P0374,✳,RB/WR/TE,Catching,"WAIST-BENDING REACHES - keeping the legs straight and bending sideways at the waist, which destroys balance and pulls the eyes away from the ball. THUMBS-TOGETHER LOW CATCH - trying to scoop a low-lateral ball with the thumbs together, forcing the palms to face the ground. (Hand inversion needs the Hand landmarker.)","Track the low, diving path and drop the entire body level by bending deeply at the knees and hips. Drop both arms diagonally downward toward the grass on the catch side with elbows tucked near the lower ribcage, inverting the hands out to the side - pinky fingers pressed tightly together, palms facing upward and outward - to form a secure under-scoop.",715;1067;1093,3,,,,
P0375,,RB,Cuts,"""Sticking the Cleat"". Planting the foot flat and twisting the knee rather than rolling onto the inside instep, which can cause joint injuries or slips.","Plant the outside foot violently on its inside edge, driving all body weight straight into the turf.",1182,1,,,,
P0376,,RB,Cuts,"Chopping Strides. Shortening the steps unnecessarily, which kills the back's top-end speed and lets pursuit players catch up.","Maintain a full, natural sprinting stride while approaching the designated turning point.",1147,1,,,,
P0377,,RB,Cuts,"Elbow Flaring. Letting the football slip away from the ribs during the heavy plant, inviting a defender to strip it.",Clamp the ball tightly against the ribs to ensure it does not flare out during the heavy gravitational shift.,1184,1,,,,
P0378,,RB,Cuts,"Hip Turning. Turning the entire chest and hips toward the sideline, slowing down forward speed and opening the back to edge hits.",Keep the shoulders completely square to the line of scrimmage throughout the entirety of the lateral glide.,1179,1,,,,
P0379,,RB,Cuts,"Jumping Too High. Hopping vertically into the air rather than horizontally, which leaves the back suspended and helpless against waiting linebackers.",Plant hard with the foot opposite the desired direction to drive the body horizontally sideways.,1148,1,,,,
P0380,,RB,Cuts,"Landing Flat. Falling flat onto the chest without driving the feet, causing the back's momentum to stop exactly where contact was made.",Maintain a wide driving base on the approach to generate maximum launching power.,1194,1,,,,
P0381,,RB,Cuts,"Leaning Outward. Tilting the upper body away from the turn, which ruins balance and causes a wide, looping path.","Drop the inside shoulder slightly toward the direction of the cut to initiate a natural, inward body lean.",1186,1,,,,
P0382,,RB,Cuts,"Narrow Landing. Landing with the feet close together, making it impossible to immediately accelerate post-cut.","Land with a wide, loaded base squarely on the balls of the feet.",1192,1,,,,
P0383,,RB,Cuts,"Premature Extension. Reaching the ball out too early before passing the line of scrimmage, allowing a defender to easily punch it away.","Extend the ball safely over the line or marker at the absolute final microsecond, strictly after the line of scrimmage has been breached.",1197,1,,,,
P0384,,RB,Cuts,"Tripping. Crossing the feet too tightly or low to the turf, causing the back to catch their own cleats and stumble.",Lift and forcefully drive the opposite leg across the body's midline to slide laterally into the adjacent gap.,1178,1,,,,
P0385,,RB,Exchange,"""Clamping down"" Early. Snapping the arms shut before the ball is completely seated in the midsection, causing fumbles or bobbles.","The instant the ball is seated, clamp both arms tightly over the ball to secure it against the midsection.",1168,1,,,,
P0386,,RB,Exchange,"""Trailing Too Tight"". Running directly behind or parallel to the quarterback, which destroys the pitch angle and allows one defender to play both threats.",Establish and maintain a strict alignment position exactly 4 yards outside and 1 yard behind the quarterback's tracking path.,1144,1,,,,
P0387,,RB,Exchange,Body Catching. Letting the spinning football hit the chest plate instead of catching it cleanly with extended hands.,Extend the hands away from the body with fingers spread wide and thumbs together to create a massive catching target.,1171,1,,,,
P0388,,RB,Exchange,Staring at the Exchange. Looking down at the quarterback's hands instead of keeping eyes up-field to read the defensive front and blocking keys.,"Maintain a wide, stable pocket, allowing the quarterback to place the ball firmly into the stomach.",1167,1,,,,
P0389,,RB,Exchange,"Turning the Head Early. Looking down-field to check for defenders before the ball is securely caught, leading to a dropped pitch or a muffed fumble.","Look the spinning football completely into the hands, physically tracking it with the eyes.",1172,1,,,,
P0390,,RB,Exchange,Unprepared Hands. Running with the arms swinging naturally instead of keeping them extended in a ready posture to catch the pitch.,"Keep the hands up at chest level, palms facing the quarterback, forming a natural, permanent target framework.",1174,1,,,,
P0391,,RB,First Step,"""Dancing"". Hesitating or taking multiple short, choppy steps at the snap instead of committing to a single, violent first step.","Operating from roughly 3 yards directly behind the shotgun QB, take a hard, single direct step forward with the lead foot.",1112,1,,,,
P0392,,RB,First Step,"""False Stepping"". Dropping the back foot further backward or picking up the lead foot and placing it down in the exact same spot before moving forward, ruining the timing of the mesh.","Push violently off the back foot from a deep alignment (5 to 7 yards behind the QB), driving the lead foot forward 6 to 12 inches.",1110,1,,,,
P0393,,RB,First Step,"""False Stepping"". Pivoting or dropping the rear foot further backward before launching forward, which delays the block and completely destroys the timing of the running back's path.",Explode forward out of the 3-point stance by physically rolling the body weight over the front knee.,1113,1,,,,
P0394,,RB,First Step,"Elbow Flaring. Flaring the elbows out wide on the initial burst, exposing the ribs and making it easier for inside blitzers to jar the ball loose.","Coordinate the first step with a sharp, aggressive backward drive of the elbows.",1132,1,,,,
P0395,,RB,First Step,"Popping the Top. Straightening the spine and standing tall on the first step, which raises the target area for defenders and kills forward momentum.","Keep the shoulders completely square to the line of scrimmage, leaning the upper body slightly forward to press the track downhill.",1123,1,,,,
P0396,,RB,First Step,"Rounding the Track. Taking a looping, curved step backward before crossing face, which alters the mesh timing and allows edge defenders to disrupt the exchange.",Drive the outside foot sharply across the body at a precise diagonal angle to travel horizontally across the formation.,1126,1,,,,
P0397,,RB,First Step,"Shooting Upright. Popping the head and chest straight up into the air on the first step, exposing the throat and breastplate to an easy wrecking block by the defender.","Elevate hands into a loaded strike position while keeping the chin tucked, spine flat, and shoulders lower than the oncoming linebacker's numbers.",1137,1,,,,
P0398,,RB,First Step,Staring Down the Ball. Focusing entirely on the quarterback's hands instead of keeping peripheral eyes on the shifting defensive line and unblocking edge threats.,Keep the hands wide and clean to present an easy pocket for the quarterback while keeping peripheral vision on edge defenders.,1129,1,,,,
P0399,,RB,First Step,"Tail-Dropping. Lowering the hips further at the snap before moving forward, which causes the fullback to sit down and lose all explosive forward momentum.","Push violently off the inside ball of the staggered back foot, driving it forward into a short, punchy 6-to-12 inch step.",1134,1,,,,
P0400,,RB,Routes,"""Banana Routing"". Rounding the vertical turn in a wide, looping circle, giving trail defenders time to recover.","Snap the hips vertically, aiming exactly 1 yard inside the sideline boundary.",1218,1,,,,
P0401,,RB,Routes,"""Drifting Down-field"". Curving the route forward into the linebackers rather than running flat to the sideline, allowing under-coverage defenders to close the window.",Sprint directly outward toward the numbers on the sideline.,1209,1,,,,
P0402,,RB,Routes,"""Leaking Out Early"". Slipping away before the pass rush develops, alerting the linebackers prematurely.","Engage or simulate a firm pass-block on an interior rusher for a full ""one-thousand-one, one-thousand-two"" count.",1203,1,,,,
P0403,,RB,Routes,"""Rounding the Break"". Drifting through the inward turn instead of making a sharp cut, allowing the defender to maintain their cushion.",Cut back sharply at an inside 45-degree angle straight across the formation.,1222,1,,,,
P0404,,RB,Routes,"""Rounding Too Flat"". Flattening out the route too early, bringing the back into the path of an unblocked edge rusher.","Execute a shallow, curved acceleration path strictly behind the line of scrimmage.",1213,1,,,,
P0405,,RB,Routes,"""Running Into Traffic"". Running directly into an interior zone defender rather than searching out the open void.",Cleanly avoid all interior line wash without slowing momentum.,1229,1,,,,
P0406,,RB,Routes,"Cutting Too Shallow. Breaking backward into the line of scrimmage, clouding the throwing window with defensive linemen.",Ensure the reception phase happens at a strict depth of 3-4 yards past the line of scrimmage.,1224,1,,,,
P0407,,RB,Routes,"Losing Depth. Floating toward the line of scrimmage while running laterally, which narrows the throwing lane.",Maintain a constant depth of 2 to 3 yards deep in the backfield while hitting top speed.,1214,1,,,,
P0408,,RB,Routes,"Slowing Down at the Line. Reluctantly entering the LOS traffic, which completely disrupts the timing of the deep pass.","Burst directly out of the stance, tracking tightly through the open A or B-gap.",1204,1,,,,
P0409,,RB,Routes,"Staring Down the QB. Facing the quarterback with flat feet while waiting, which alerts defenders and stalls the forward track.",Keep the body hidden behind the defensive line while extending the hands to form a catch pocket.,1226,1,,,,
P0410,,RB,Routes,"Stepping Out of Bounds - running too close to the sideline on the turn, leaving no room for a clean drop-in pass.","Snap the turn aiming exactly 1 yard inside the sideline boundary, leaving room for a clean drop-in pass.",1830,1,,,,
P0411,,RB,Routes,"Turning for the Ball Late. Running with the head down and failing to look for the ball until hitting the boundary, causing drops.",Snap the head back toward the quarterback exactly after the third stride.,1211,1,,,,
P0412,,RB,Stance,"""Tail-Skying"". Pre-setting the stance with the hips significantly higher than the shoulders, which forces the fullback to step straight up on the snap and lose all low-man leverage.","Load the hips low with the spine parallel to the ground or tilted slightly upward, keeping the knees deeply bent over the toes like loaded springs.",1120,1,,,,
P0413,,RB,Stance,"""Telegraphing"". Shifting weight onto the toes when running a play to that side, or leaning back slightly on passing downs, giving away the play pre-snap.","Set feet strictly shoulder-width apart, keeping toes straight ahead with an optional, slight toe-to-instep stagger based on personal comfort.",1114,1,,,,
P0414,,RB,Stance,"Hands on Knees. Locking the elbows out and resting the upper-body weight heavily on the knees, which delays hand usage for pass protection or taking a clean handoff exchange.","Rest hands loosely on the upper thighs with elbows bent and tucked close to the ribs, ready to instantly form a ball pocket or strike a blitzer.",1117,1,,,,
P0415,,RB,Stance,"Heavy Hand Loading. Putting too much body weight onto the fingers of the down hand, causing the blocker to trip forward or lunge on their first step.",Rest minimal weight (roughly 20%) onto the fingertips of the down hand to avoid lunging on the snap.,1119,1,,,,
P0416,,DB,First Step,"""Lifting the Gate"". Taking a step forward at the snap, which completely destroys the corner's cushion and allows a fast receiver to blow past them instantly.","On the snap, take a concise 2-to-3 inch step backward without gaining or losing massive ground.",1665,1,,,,
P0417,,DB,First Step,"""Opening the Gate"" to the Inside. Flipping your hips completely inward toward the hash marks too early, which blindingly exposes your deep outside boundary track.",Drop your outside foot back strictly at a 45-degree angle (slide-technique).,1718,1,,,,
P0418,,DB,First Step,"""Opening the Gate"". Turning the back entirely to the sideline, allowing receivers to run easily into the deep hole behind the flat.",Keep your chest completely square to the line of scrimmage to read the passing lane.,1768,1,,,,
P0419,,DB,First Step,"""Reaching"" / High Foot Lift. Lifting the knees high or reaching too far backward with the feet, which locks the knees and stops quick lateral redirection.",Push off the forward foot and reach backward with the toes of the back foot.,1731,1,,,,
P0420,,DB,First Step,"""Sinking the Hips Too Late"". Letting a vertical receiver get within 3 yards of your cushion before you transition into a full sprint, allowing them to stack you vertically.","If the receiver reaches top speed at 8 yards, immediately transition from a backpedal into a full hip-flip run.",1708;1743,2,,,,
P0421,,DB,First Step,"""Sitting"" on the Stem. Stopping the pedal around 7 yards because you anticipate a short route, making you highly vulnerable to an explosive double-move.",Use the compact arm swing to maintain maximum backward velocity until it is time to plant and break.,1694,1,,,,
P0422,,DB,First Step,"""Squatting"" Too Early. Freezing on an underneath release, leaving the intermediate space behind you wide open for a dig or a post route.",Execute a precise lateral shuffle-weave or a slow tempo-pedal backward. Keep your base wide and stable.,1727,1,,,,
P0423,,DB,First Step,"""Squatting"" Too Early. Freezing or moving downhill on an underneath route (like a 5-yard out), which allows a deeper vertical concept (like a corner or seam) to fly directly over your head.",Maintain a strict top-down cushion of 3 to 4 yards above the highest climbing vertical threat in your zone.,1720,1,,,,
P0424,,DB,First Step,Allowing a Free Outside Release. Letting the receiver beat you cleanly down the sideline by stepping too narrow or failing to slide wide on the first step.,Take a quick lateral shuffle step to the outside to stay directly in the receiver's outside track.,1676,1,,,,
P0425,,DB,First Step,"Bailing Deep Immediately - turning and running deep at the snap, leaving a soft flat zone wide open for easy underneath completions.","Execute a balanced ""motor-patter"" or an immediate mirror step, keeping your feet low to the grass and moving rapidly in place.",1790,1,,,,
P0426,,DB,First Step,"Bailing Deep on the Snap. Dropping straight backward into a deep backpedal, which opens up the immediate flat zone for easy check-downs or out-routes.",Take an immediate lateral drop or heavy slide step toward the outside flat boundary.,1659;1729,2,,,,
P0427,,DB,First Step,"Bailing Deep Too Fast. Running backward immediately at the snap, which leaves the short flat/curl zone wide open for quick completions.",Take an immediate lateral drop or heavy slide step toward your assigned zone track. Hold your depth line.,1726,1,,,,
P0428,,DB,First Step,"Bailing Hard Early. Flying backward at top speed without reading the play first, which leaves a massive void in the intermediate middle of the field.","Take low, smooth read steps backward.",1740,1,,,,
P0429,,DB,First Step,"Bailing to the Post. Over-retreating to protect the deep middle out of habit, which creates a massive cushion for the receiver on easy out-breaking or comeback concepts.",Use a controlled tempo backpedal or a tight kick-slide.,1711,1,,,,
P0430,,DB,First Step,"Bailing Too Fast. Flying backward at a full sprint immediately, which completely gives up the intermediate space and opens up easy 10-yard curl, hitch, or out routes.","On the snap, push off the front foot directly into a controlled backward pedal.",1680,1,,,,
P0431,,DB,First Step,"Biting on Inside In-Breaks. Panicking and chasing a shallow inside route, leaving the deep outside completely open to a wheel or corner-route double-move.",Establish and rigidly maintain an outside-in trailing pocket.,1703,1,,,,
P0432,,DB,First Step,"Biting on Outside Fakes. Opening the inside hip and stepping out toward the sideline on a receiver's outside release fake, completely giving up the inside leverage.",Maintain an inside-out trailing relationship through the slide.,1672,1,,,,
P0433,,DB,First Step,"Biting on Play-Action. Flowing downhill aggressively into a run gap, allowing the tight end to slip behind you cleanly on a pop-pass route.",Take an assertive angle-approach step to lock in your pre-snap shade leverage on the tight end's framework.,1725,1,,,,
P0434,,DB,First Step,"Biting on Play-Action. Running forward on a run-fake, letting vertical seam routes stack behind your deep cushion for an easy touchdown.","On the snap, execute a slow, balanced tempo-pedal straight backward to gain depth.",1722,1,,,,
P0435,,DB,First Step,"Chasing Crossers Out of the Zone. Turning to chase a receiver who is leaving your zone, which creates a massive void behind you for a stunting route.","Execute a patient lateral weave or tempo pedal, reading the triangle flow from the slot threat to the quarterback.",1730,1,,,,
P0436,,DB,First Step,"Cleat-Sticking. Planting the feet heavily into the turf during intermediate changes of direction, causing a total delay when matching an out-breaking route.",Force all intermediate tracks to the inside.,1688,1,,,,
P0437,,DB,First Step,"Cleat-Sticking. Planting your feet heavily into the turf during intermediate changes of direction, causing a total delay when matching an out-breaking route.",Maintain parallel foot tracks. Do not let your feet click together or narrow your stance.,1770,1,,,,
P0438,,DB,First Step,"Cleat-Sticking. Planting your feet heavily upon first contact, leaving you unable to match an intermediate cut or break.","Keep your base wide and keep your feet low to the turf, slide your cleats rather than lifting your feet high.",1777,1,,,,
P0439,,DB,First Step,"Clicking Heels. Letting the feet knock together during the pedal, ruining structural balance.",Slide the toes across the turf without gaining excessive deep yardage initially.,1741,1,,,,
P0440,,DB,First Step,"Clicking Heels. Shuffling or pedaling so erratically that the feet click together, leaving the corner off-balance.",Keep the backward steps fluid and low to the turf.,1683,1,,,,
P0441,,DB,First Step,"Drifting Prematurely. Drifting toward a hash mark too early without a clear threat, opening up a massive deep vertical void on the opposite side.","Maintain a strict top-down visual perspective, remaining the deepest player on the defensive side of the ball.",1760,1,,,,
P0442,,DB,First Step,"Dropping the Inside Foot. Stepping backward with the inside foot first, which opens the inside lane completely.","At the snap, maintain inside posture by driving off the outside foot to slide laterally inside if the receiver tries to cross your face.",1670,1,,,,
P0443,,DB,First Step,"Early Trailing Disconnect. Allowing more than 2 yards of vertical space to open up during the initial trail phase, rendering your underneath tracking useless.",Ensure you remain slightly outside the receiver's path throughout the retreat.,1712,1,,,,
P0444,,DB,First Step,"Elbow Flaring. Raising the arms out wide like wings, which exposes the corner's chest and allows the receiver to clamp or swat the block easily.",Fire an aggressive outside-hand jam directly to the receiver's shoulder.,1678,1,,,,
P0445,,DB,First Step,"Eye Floating - looking up at the receiver's head, eyes, or shoulders, causing the nickel to bite heavily on head fakes.","Keep your weight centered over your core, remaining neutral until the receiver commits to a specific shoulder path.",1791,1,,,,
P0446,,DB,First Step,"Eye Floating. Looking up at the receiver's head, eyes, or shoulders, causing the corner to bite heavily on head fakes or upper-body jab steps.",Keep eyes locked firmly on the receiver's beltline/hips. Never look at the head or shoulders.,1667,1,,,,
P0447,,DB,First Step,"Eye Floating. Looking up at the receiver's head, eyes, or shoulders, causing you to bite heavily on head fakes or upper-body jab steps.",Keep your eyes locked on the receiver's hip/waist cylinder. Ignore head and upper body route fakes.,1748,1,,,,
P0448,,DB,First Step,"False Stepping Forward - taking a step forward at the snap, which surrenders a piece of the high cushion before the play develops.",Initiate a smooth read-and-drift pedal vertically backward to protect your deep middle third width.,1782,1,,,,
P0449,,DB,First Step,"False Stepping Forward. Taking a step forward out of a 10-yard stance, which defeats the entire purpose of playing deep cushion.","Glide out of the stance using low, sweeping backward steps.",1705,1,,,,
P0450,,DB,First Step,Flat Feet - standing completely static at 10 yards and letting a high-speed vertical receiver erase the cushion completely before you start moving.,"Take a slow, deliberate ""read-step"" backward (a spatial ""tempo pedal"" or ""catch-step"").",1781,1,,,,
P0451,,DB,First Step,Flat Feet - standing static and letting a high-speed vertical receiver erase the cushion completely before you start moving.,Take an intentional angle-approach step to maintain your assigned shade leverage as you close the distance.,1787,1,,,,
P0452,,DB,First Step,"Flattening the Angle. Backpedaling flatly toward the sideline rather than deep, allowing vertical routes to stack you vertically from the inside.","Execute a deep ""slide-backpedal"" or weave pedal.",1761,1,,,,
P0453,,DB,First Step,"Giving Up the Inside Lane - turning your hips outward too early, conceding a soft inside release path across your face.",Take an assertive angle-approach step to lock in your pre-snap shade leverage on the tight end's framework.,1783,1,,,,
P0454,,DB,First Step,"Giving Up the Sideline. Getting crossed up or faked inside, giving up a clean vertical sideline release where the deep safety has the longest distance to travel.",Use the brace step to maintain a tight relationship strictly on the receiver's outside shoulder frame.,1710,1,,,,
P0455,,DB,First Step,"Guessing the Release. Lunging inside or outside before the receiver actually declares their cut, conceding an easy release on the opposite side.",Take an assertive angle-approach step to lock in your pre-snap shade leverage.,1747;1772,2,,,,
P0456,,DB,First Step,"Guessing the Route. Turning the hips inside or outside prematurely before the receiver actually declares their cut, giving up an easy break on the opposite side.",Match the receiver's speed step-for-step during the retreat.,1692,1,,,,
P0457,,DB,First Step,"Heel Settling. Letting your weight shift entirely to your heels during the deep pedal, which locks your ankles and stops you from driving downhill on a comeback.","Keep eyes locked on the target's core frame, ready to drive downhill the microsecond their hips sink for a break.",1709;1732,2,,,,
P0458,,DB,First Step,"High Knee Lift. Lifting the knees high off the ground during the deep retreat, which destabilizes balance and slows down lateral breaking ability.","Initiate a deep, high-cushion backpedal right at the snap.",1700,1,,,,
P0459,,DB,First Step,"Hips Flipping Sideways Early. Turning entirely sideways before the route declares, giving away your coverage width.",Keep your chest square to the line of scrimmage to read the overall flow of the passing concept.,1771,1,,,,
P0460,,DB,First Step,"Locking Eyes on the QB. Staring into the backfield while pedaling, causing the corner to completely lose spatial awareness of the wide receiver's intermediate crossing stem.",Keep your chest open to the inside field while retreating to read the quarterback's progression.,1719,1,,,,
P0461,,DB,First Step,"Locking Eyes on the QB. Staring into the backfield while pedaling, causing the safety to completely lose spatial awareness of climbing wideout stems.",Keep the feet moving continuously; never settle into a static position until the ball is thrown.,1765,1,,,,
P0462,,DB,First Step,"Losing Inside Frame. Drifting too far out toward the numbers, leaving the deep inside seam wide open for a vertical post route.",Maintain your inside alignment to force the receiver to run through your vision if they want to cross the field.,1697,1,,,,
P0463,,DB,First Step,"Losing Pad Level. Rising straight up out of the stance on the first step, which slows down backward velocity and ruins leverage.",Push directly off the forward foot to launch straight backward into a high-tempo pedal.,1690;1755,2,,,,
P0464,,DB,First Step,Losing the Shade. Taking an improper approach angle that allows the receiver to cross your face and establish easy leverage.,Take an intentional angle-approach step to maintain your assigned shade leverage as you close the distance.,1744,1,,,,
P0465,,DB,First Step,Losing the Sideline Cushion. Pedaling in a straight vertical line and allowing a fast receiver to step on your toes and blow past your outside shoulder.,"Begin the deep backpedal with an intentional, subtle drift toward the sideline.",1685,1,,,,
P0466,,DB,First Step,"Lunging at the Break. Throwing your torso forward when the receiver enters the catch window, causing you to slip or miss the trail.","Transition smoothly from your approach into a tight, trailing mirror-step once you enter the catch zone.",1746,1,,,,
P0467,,DB,First Step,"Lunging Punch - throwing the entire upper torso forward to punch a release, which shifts all weight past the toes and causes the safety to fall off-balance.",Take an assertive angle-approach step to lock in your pre-snap shade leverage on the tight end's framework.,1784,1,,,,
P0468,,DB,First Step,"Lunging Punch. Throwing the entire upper torso forward to punch an inside release, which shifts all weight past the toes and causes the corner to fall off-balance.",Punch with the inside hand directly into the receiver's chest plate.,1673,1,,,,
P0469,,DB,First Step,"Over-Sprinting Early. Immediately turning and running deep on the snap, which allows the receiver to easily break off an intermediate route into 10-12 yards of completely open space.",Initiate a smooth read-and-drift pedal vertically backward to protect your deep middle third width.,1724,1,,,,
P0470,,DB,First Step,"Premature Two-Hand Punch. Reaching out with both hands early, which robs the corner of their balance and allows the receiver to easily swipe the arms away.",Punch only when the receiver fully commits to a lane.,1669,1,,,,
P0471,,DB,First Step,"Reaching for the Ball Early. Turning your head to look for the deep ball before you have physically capped the receiver's shoulder, resulting in a pass interference or a separation touchdown.",Force the receiver to work inward toward your safety help while keeping them in your visual field.,1704,1,,,,
P0472,,DB,First Step,"Reaching with a Double-Hand Punch. Lunging forward with both hands, throwing away your balance and letting the receiver easily swipe past you.","Keep your weight centered over your core, remaining neutral until the receiver commits to a specific shoulder path.",1756,1,,,,
P0473,,DB,First Step,"Rising on the Snap - standing tall on the first step, which raises your pad level and strips away your ability to change direction quickly.",Take an assertive angle-approach step to lock in your pre-snap shade leverage.,1788,1,,,,
P0474,,DB,First Step,"Rising on the Snap. Standing tall on the first step, which raises your pad level and strips away your ability to change direction quickly.","Execute a balanced ""motor-patter"" or an immediate mirror step, keeping your feet low to the grass and moving rapidly in place.",1728,1,,,,
P0475,,DB,First Step,"Soft Boundary Touch. Delivering a weak strike that fails to disrupt the wideout's speed track, leaving the safety vulnerable over the top.",Deliver a physical strike into the receiver's frame to force them away from the seam.,1774,1,,,,
P0476,,DB,First Step,"Soft Boundary Touch. Delivering a weak strike that fails to disrupt the wideout's speed track, leaving the secondary vulnerable.","Sustain a wide, active base to react instantly to a throw or a block on perimeter run plays.",1769,1,,,,
P0477,,DB,First Step,"Soft Boundary Touch. Delivering a weak, single-arm swipe that fails to disrupt the wideout's vertical speed track, leaving the safety vulnerable over the top.","Deliver a physical, outside-arm strike (collision technique) directly into the receiver's chest plate.",1715,1,,,,
P0478,,DB,First Step,"Sprinting Out Early. Immediately turning and running deep on the snap, which allows the receiver to easily break off an intermediate route into 10-12 yards of completely open space.","Take a slow, deliberate ""read-step"" backward (a spatial ""tempo pedal"" or ""catch-step"").",1695,1,,,,
P0479,,DB,First Step,"Squatting Early - freezing on an underneath route (like a 5-yard out), which allows a deeper vertical concept to fly directly over your head.","Execute a patient lateral weave or tempo pedal, reading the triangle flow from the slot threat to the quarterback.",1786,1,,,,
P0480,,DB,First Step,Squatting Early. Freezing on an underneath crosser and leaving the deep hole wide open for a dig or a post route behind them.,Maintain a top-down cushion of 4 to 5 yards above the highest climbing vertical threat in your assigned deep half.,1763,1,,,,
P0481,,DB,First Step,"Standing Tall. Straightening the spine, which raises the center of gravity and strips away all explosive downhill break power.",Maintain a forward body lean with the chest over the knees. Keep the chin tucked.,1733,1,,,,
P0482,,DB,First Step,"Staring at the QB. Peeking into the backfield early in man coverage, which causes you to completely miss the receiver's break point.",Keep eyes glued exclusively to the receiver's lower abdomen to track speed and depth metrics.,1687,1,,,,
P0483,,DB,First Step,"Sucking Inside. Getting drawn toward the middle of the field by an inside route, leaving the deep outside completely open to a wheel or vertical sideline route.",Keep your body positioned outside the inside hash line.,1762,1,,,,
P0484,,DB,First Step,"Sucking Outside. Over-reacting to an intermediate outside vertical stem, which opens a massive passing lane for a deep post or dig route inside.",Weave slightly inside during the pedal to maintain inside-out leverage advantage over the receiver's track.,1682,1,,,,
P0485,,DB,First Step,"Turning the Back to the Field. Flipping the hips fully sideways early, which creates a massive blind spot across the opposite deep seam.",Keep your chest square to the line of scrimmage to read the quarterback's shoulder alignment and drop-back length.,1759,1,,,,
P0486,,DB,First Step,"Turning the Back to the Sideline - opening the hips entirely outward, which ruins peripheral vision and stops you from seeing a secondary receiver crossing into the flat lane.",Take an immediate lateral drop or heavy slide step toward the outside flat boundary while keeping your chest strictly parallel to the line of scrimmage.,1785,1,,,,
P0487,,DB,First Step,"Turning the Back to the Sideline. Opening the hips entirely outward, which ruins peripheral vision and stops you from seeing a secondary receiver crossing into the flat lane.",Keep your chest strictly parallel to the line of scrimmage during the drop.,1714,1,,,,
P0488,,DB,First Step,"Turning the Hips Early. Turning the entire body to face the sideline on the snap, leaving you exposed to an easy inside cutback.",Keep the chest completely square to the line of scrimmage as the receiver makes contact.,1677,1,,,,
P0489,,DB,Stance,"""Bending at the Waist"". Leaning the upper body too far forward over the knees, which shifts weight heavily onto the toes and traps the cornerback's hips, making it impossible to transition into a clean backpedal.",Sink the hips into an athletic quarter-squat. Keep the spine long and flat.,1663,1,,,,
P0490,,DB,Stance,"""Linebacker Creep"". Setting up with a stance that is too wide and flat, with hands resting on the thighs, which locks up the feet and causes immediate delay against a quick pass route.","Place feet slightly wider than shoulder-width with an assertive toe-to-instep stagger, keeping the foot closest to the formation's core forward.",1608,1,,,,
P0491,,DB,Stance,"Bending at the Waist - leaning the upper body too far forward over the knees, which shifts weight heavily onto the toes.",Keep your knees deeply bent and your hips sunk low.,1789,1,,,,
P0492,,DB,Stance,"Flat Backside Foot. Letting the heel of the staggered back foot touch the grass flat, which deadens the leg muscle and creates an immediate delay on the snap.","Position feet strictly shoulder-width apart with a comfortable toe-to-instep stagger. Generally, place the inside foot forward to help look inside at the quarterback while keeping eyes on the receiver.",1661,1,,,,
P0493,,DB,Stance,"Hands on Knees. Resting hands on the thighs pre-snap, which completely exposes the chest to a wide receiver's immediate release jam.",Hands must be held loose and active strictly at chest height. Ensure hands are ready to punch or match a release.,1664,1,,,,
P0494,,DB,Stance,"Hands on Thighs. Resting hands on the thighs pre-snap, which completely slows down hand usage and initial movement.",Hold hands relaxed and active near the mid-torso. Keep hands completely clear of the thighs.,1739,1,,,,
P0495,,DB,Stance,"Heel Settling. Resting weight flatly on the heels, which prevents an explosive downhill or lateral launch.",Keep 60% of body weight balanced directly over the ball of the front foot.,1618,1,,,,
P0496,,DB,Stance,"Narrow Stance. Setting the feet too close together, which restricts lateral agility and causes tripping when breaking.","Set the feet slightly wider than shoulder-width apart with a minimal, comfortable toe-to-instep stagger.",1736,1,,,,
P0497,,DB,Stance,"Over-Staggering - setting the feet too far apart front-to-back, which traps the hips and prevents a fast lateral change of direction.","Place feet slightly wider than shoulder-width with an assertive toe-to-instep stagger, keeping the foot closest to the formation's core forward.",1780,1,,,,
P0498,,DB,Stance,"Over-Staggering. Setting the feet too far apart front-to-back, which traps the hips and prevents a fast lateral change of direction.","Feet are placed strictly at shoulder-width with a tight, disciplined toe-to-instep stagger to maximize multi-directional redirection speed.",1750,1,,,,
P0499,,DB,Stance,"Stance Too Deep or Tall. Setting up with a high chest, which reduces lateral acceleration and makes you vulnerable to an immediate jam or a quick slant.",Keep your knees deeply bent and your hips sunk low.,1752,1,,,,
P0500,,DB,Stance,"Static/Heavy Base. Locking the knees or resting weight heavily on the heels pre-snap, which creates a massive delay on the snap.",Distribute weight 50/50 on the balls of the feet.,1737,1,,,,
P0501,,WR,Blocking,"Arriving on long strides rather than chopping the feet down, leaving the receiver committed and unable to adjust when the defender moves.","The final two steps before contact shorten and quicken, keeping the feet under the body so the receiver can react instantly if the defender moves laterally.",768,1,,,,
P0502,,WR,Blocking,"Arriving tall and only sinking at or after contact, so the defender gets underneath the receiver's pads and uprights him immediately.","The hips drop into a loaded athletic squat before contact, establishing low leverage so the receiver arrives underneath the defender rather than upright.",763,1,,,,
P0503,,WR,Blocking,"Base narrowing into a normal running stride as the receiver closes, so he arrives with no lateral leverage and gets moved off the block on contact.",The base stays wide throughout the approach - noticeably wider than a running stride - so the receiver keeps blocking leverage and can react laterally to the defender.,760,1,,,,
P0504,,WR,Blocking,"Dipping or ducking the head before contact - the receiver loses sight of the target and cannot adjust, and it is an unsafe way to take a collision. (Gaze itself is not pose-measurable - orientation only.)",The head stays up with the eyes on the target through contact - the receiver sees what he is blocking rather than ducking his head into the collision.,770,1,,,,
P0505,,WR,Blocking,"Drifting off the tracking line during the approach, so the defender slips past inside or outside before contact is made. (Alignment to the defender needs them in frame - path consistency only.)","The receiver tracks a consistent line onto the defender, staying square to them so they cannot slip past inside or outside before the hands fit.",761,1,,,,
P0506,,WR,Blocking,"Engaging with pads high or the torso upright, letting the defender get underneath and upright the receiver, who then loses the block immediately. (Relative pad level needs the defender in frame.)",At engagement the shoulders stay low - at or below the defender's pad level - with the torso angled forward so the receiver wins the leverage battle rather than being stood up.,767,1,,,,
P0507,,WR,Blocking,"Hands landing without hip extension behind them - an arms-only block with no ground force, which the defender sheds easily. Or the hips firing before the hands arrive, wasting the drive.","The hips extend hard as the hands make contact, driving ground force up through the torso and into the defender so the block has power behind it rather than just reach.",765,1,,,,
P0508,,WR,Blocking,"Knees straightening into contact, leaving the receiver stiff-legged with nothing to absorb the collision or drive through it; or collapsing so deep he cannot move his feet.","The knees hold a strong power angle - roughly 90 to 120 degrees - approaching and through impact, absorbing the collision and providing the platform to drive.",769,1,,,,
P0509,,WR,Blocking,"Over-running the block - arriving at full speed with no gather, so the receiver loses balance on contact and the defender sheds him easily. (Cushion distance needs the defender in frame.)","The receiver closes the cushion under control - accelerating to eat up ground, then gathering before contact rather than running through the block at full speed.",762,1,,,,
P0510,,WR,Blocking,"Overstriding on the first step so the foot lands ahead of the body's mass, which kills the power base and leaves the receiver reaching rather than driving.","The first step is short, controlled and punchy, planting underneath the body's mass so power is available immediately rather than reaching out and losing the base.",764,1,,,,
P0511,,WR,Blocking,"Slow or short hand extension, so the receiver makes contact with his chest rather than his hands and has no control of the defender. (Hand placement on the defender needs them in frame; grip needs the Hand landmarker.)","The hands shoot forward violently at engagement, extending fast into the defender's chest frame rather than arriving late or short.",766,1,,,,
P0512,,WR,Blocking,"Stopping the feet on contact and leaning on the defender, or standing up and narrowing the base after the hit - either way the block is lost within a second.","The feet keep driving after contact, moving the defender while the base stays wide and the knees stay bent - the block is sustained rather than a single hit.",771,1,,,,
P0513,,WR,First 5 Yards,A false step - a backward or sideways step before the first forward step - losing ground and time before the stem begins.,The first movement travels forward along the release heading. No backward or lateral step is taken before the drive begins - the receiver goes directly from the loaded stance into the first step.,752,1,,,,
P0514,,WR,First 5 Yards,"Arms out of sync with the legs, swinging across the body's midline rather than driving front-to-back, or elbows flailing and locking so the arms add no drive.","Arms drive front-to-back in rhythm with the legs - opposite arm to opposite leg - at a consistent elbow angle, without swinging across the body.",749,1,,,,
P0515,,WR,First 5 Yards,"Base staying wide through the whole 5 yards, costing efficiency and speed; or narrowing too early so the driving steps lose their power base.","The base starts wider through the driving first steps, then narrows progressively into a linear running track by the fifth yard as the receiver transitions from acceleration to running.",745,1,,,,
P0516,,WR,First 5 Yards,"Drifting laterally off the stem heading across the 5 yards, changing the depth and angle at which the break occurs. (Whether the heading matches the called route needs the route to be declared.)","The stem holds a straight, committed line across the 5 yards - the body travels on the intended heading without drifting laterally, so the route develops on time and the break happens where it should.",757,1,,,,
P0517,,WR,First 5 Yards,"Excessive torso rotation during max-effort strides - the shoulders counter-rotating hard against the hips, wasting energy that should go into forward drive.","The torso stays quiet through the acceleration - shoulders and hips rotate only as much as the stride requires, so energy goes into forward drive rather than twisting.",751,1,,,,
P0518,,WR,First 5 Yards,"Foot landing ahead of the hips at strike, creating a braking force that costs speed on every step - typically caused by overstriding out of the stance.","Each foot lands under or slightly behind the hips during the acceleration steps, so every strike drives the body forward instead of braking it.",747,1,,,,
P0519,,WR,First 5 Yards,"Ground contact times staying flat or lengthening across the 5 yards - the receiver is not converting drive into speed, and each step absorbs rather than adds velocity.","Ground contact shortens progressively across the 5 yards - longer on the driving first steps, then quicker as speed builds and the receiver transitions to running.",756,1,,,,
P0520,,WR,First 5 Yards,"Head bobbing, whipping or dropping through the drive, so the receiver cannot process the defender's leverage. (Gaze itself is not pose-measurable - orientation and stability only.)","The head stays stable and level through the 5-yard drive, held steady enough to read the defender's leverage and cushion while the body accelerates.",746,1,,,,
P0521,,WR,First 5 Yards,"Popping upright prematurely rather than rising gradually, losing the forward drive angle and cutting acceleration short.","Pads stay low out of the stance and rise smoothly and gradually across the 5 yards as speed builds, reaching upright running posture only once the acceleration phase is complete.",754,1,,,,
P0522,,WR,First 5 Yards,"Standing too upright out of the stance, killing the drive angle; bending at the waist so the chest folds ahead of the hips; or holding the forward angle too long and failing to transition upfield.","The torso holds an aggressive forward drive angle through the early steps - roughly 45 to 60 degrees from vertical - then transitions smoothly upfield as speed builds. The angle comes from the whole body driving forward, not from bending at the waist.",758,1,,,,
P0523,,WR,First 5 Yards,"Strides not expanding - staying short and choppy through the whole 5 yards; or opening up too early, overstriding out of the stance before speed supports it.","Stride length expands progressively across the first 5 yards - short and driving at Step 1, opening up as speed builds through Steps 4 and 5.",755,1,,,,
P0524,,WR,First 5 Yards,"Velocity plateauing early in the 5 yards, or stalling between steps - the receiver reaches a speed and stops building rather than accelerating through the stem. (Absolute rate needs a scale reference.)","Speed builds continuously across the first 5 yards - each step adds velocity, with no early plateau or stall in the acceleration.",750,1,,,,
P0525,,WR,First 5 Yards,"Weight stalling or falling back behind the feet at any point in the 5 yards, so a step catches the body instead of driving it forward.","Weight moves continuously forward across the full 5 yards, staying ahead of the base of support so every step drives rather than catches.",744,1,,,,
P0526,🔗,WR/TE,First Step,A false step - a backward or sideways step before the first forward step - losing ground and time before the route begins.,The first movement travels forward along the release heading. No backward or lateral step is taken before the release begins - the receiver goes directly from the loaded stance into the first step.,740;1042,2,,,,
P0527,🔗,WR/TE,First Step,"Arms out of sync with the legs, arms crossing the body's midline rather than driving forward and back, or elbows flailing/locking so the arms add no drive.",Arms drive in rhythm with the legs - opposite arm to opposite leg - with the elbows held at a consistent working angle to add drive out of the stance.,735;1037,2,,,,
P0528,🔗,WR/TE,First 5 Yards; First Step,"Backward weight transfer before the roll-off, the whole foot leaving the ground flat rather than rolling through the toe, or excessive vertical rise instead of forward drive.","The receiver rolls off the front foot into the release - the heel lifts while the toe stays in contact, driving the body forward. The roll-off leads the forward travel rather than following it.",743;748;1045,3,,,,
P0529,🔗,WR/TE,First Step,"Base widening through the first steps, costing efficiency and drive; or narrowing so far the receiver crosses over and loses balance.","Feet stay under the body through the first steps - narrow enough to run efficiently, wide enough to stay balanced through the acceleration.",734;1036,2,,,,
P0530,🔗,WR/TE,First Step,Drifting or rounding off the line rather than committing to a release angle. (Whether the angle matches the called release needs the route to be declared - not determinable from a solo clip.),"The body travels on a consistent, committed path off the line, matching the angle the called release requires - inside or outside - without drifting or rounding.",742;1044,2,,,,
P0531,🔗,WR/TE,First 5 Yards; First Step,"First step drifting laterally off the release heading, widening the path and costing ground before the route develops.","The first step travels directly along the intended release heading, without lateral drift that costs ground or telegraphs the release direction.",733;753;1035,3,,,,
P0532,🔗,WR/TE,First Step,"Head whipping round or dropping during the release, or failing to transition from the ball to the release path. (Gaze itself is not pose-measurable - orientation only.)","Head transitions from the inside snap cue to the release path and defensive target, turning under control without whipping or dropping.",739;1041,2,,,,
P0533,🔗,WR/TE,First Step,"Hips over-rotating off the release heading, widening the path and costing ground; or staying square when the release requires them to turn.","Hips stay driving toward the release heading through the first steps, opening only as far as the release path requires.",737;1039,2,,,,
P0534,🔗,WR/TE,First Step,"Long ground contact times, or the foot striking ahead of the body with backward velocity - braking on each step instead of driving.","Ground contact is short and driving - the foot strikes underneath the body and leaves quickly, adding speed rather than absorbing it.",732;1034,2,,,,
P0535,🔗,WR/TE,First 5 Yards; First Step,Overstriding on the first step so the foot lands ahead of the body's mass and brakes rather than drives; or a step so short it fails to create separation.,The first step is short and driving rather than long and reaching - it establishes ground contact quickly and underneath the body so the second step can build speed.,741;759;1043,3,,,,
P0536,🔗,WR/TE,First Step,"Shoulders rotating away from the hips and the release path, disconnecting upper and lower body and telegraphing the release direction.","Shoulders stay connected to the hips and square to the release path, moving with the lower body rather than rotating independently of it.",736;1038,2,,,,
P0537,🔗,WR/TE,First Step,"Shoulders spiking upright on the first step rather than rising gradually, losing the forward drive angle and slowing acceleration.","Pads stay low out of the stance and rise gradually across the first steps as speed builds, rather than popping upright immediately.",731;1032,2,,,,
P0538,🔗,WR/TE,First Step,"Standing straight up out of the stance, killing acceleration; or bending at the waist so the chest folds forward ahead of the hips instead of the whole body leaning.","The torso leans forward through the initial acceleration, driving the body out of the stance. The lean comes from the whole body angled forward, not from bending at the waist.",730;1033,2,,,,
P0539,🔗,WR/TE,First Step,"Weight stalling or moving backward relative to the feet, so a step catches the body instead of driving it forward.","Weight moves continuously forward through the first three steps, staying ahead of the base of support so each step drives rather than catches.",738;1040,2,,,,
P0540,🔗,WR/TE,Release,"A gather step or hesitation between the crossover and the burst, giving the defender time to recover and closing the outside lane the fake just opened.","The crossover foot plants and immediately pushes off into the outside lane - no gather step, no pause. The redirect is instantaneous, converting the fake straight into the escape.",816;1322,2,,,,
P0541,🔗,WR/TE,Release,"A lazy crossover that never clears the midline, or one too slow to be believed - the defender does not bite and the outside lane never opens.","The push off the plant foot drives the rear foot sharply across the body's midline into the inside lane, committing hard enough to sell the inside release.",810;1316,2,,,,
P0542,🔗,WR/TE,Release,"A rounded or gradual change of direction rather than a sharp reversal, so the diamond flattens into a curve and the defender recovers the ground the fake bought.","The plant foot drives explosively back toward the outside, the step reversing direction sharply enough to complete the diamond path and escape into the open lane.",793;1299,2,,,,
P0543,🔗,WR/TE,Release,"A shoulder drifting outside the knee line at the plant, widening the frame and telegraphing the release direction before the crossover begins.","The shoulders stay tucked inside the width of the knees, keeping the frame compact so the defender cannot read which way the release is going.",803;1309,2,,,,
P0544,🔗,WR/TE,Release,"A slow or gradual push-off out of the plant, so the receiver never clears the defender's level and stays inside their reach as the route develops. (Defender position is not in frame - path and acceleration only.)","The plant foot drives explosively forward, accelerating the receiver past the defender's hip plane and clearing their level in one burst rather than easing into the route.",840;1346,2,,,,
P0545,🔗,WR/TE,Release,"Arm pump dropping off during the push step, which signals to the defender that the receiver is about to stop rather than continuing inside.","The arm pump continues at full amplitude through the push step, sustaining the impression of a slant or post being run at full effort.",782;1288,2,,,,
P0546,🔗,WR/TE,Release,"Arms staying passive during the crossover, or pumping late so the upper body lags the feet and the fake looks manufactured. (Finger and grip detail needs the Hand landmarker.)","The arms pump hard toward the inside lane in time with the crossover step, mimicking a genuine release so the fake is complete from feet to hands.",809;1315,2,,,,
P0547,🔗,WR/TE,Release,"Bursting through square-shouldered, leaving a full jersey surface exposed for a recovering defender to grab as the receiver passes.","The inside shoulder rolls away as the receiver bursts past, turning the chest off the defender and eliminating the jersey surface they could grab.",839;1345,2,,,,
P0548,🔗,WR/TE,Release,"Chest rising or the shoulders falling behind the plant foot, so the weight sits back and the receiver cannot push cleanly back to the outside.","The shoulders stay over the toes as the plant foot lands, keeping the body stacked over the brake and ready to snap back toward the outside.",789;1295,2,,,,
P0549,🔗,WR/TE,Release,"CLICK-BACK - dragging the driving foot instead of slamming it cleanly into the turf, which bleeds away the explosive power. Also: the foot sliding at contact rather than gripping.","The foot opposite the intended path slams cleanly into the turf with no slide, delivering full force to drive the body laterally and forward into the open lane.",858;1364,2,,,,
P0550,🔗,WR/TE,Release,"Drifting through the hesitation rather than stopping cleanly, so there is no freeze for the defender to react to and the bait never lands.","The sliding foot plants firmly and the lateral movement stops dead for a fraction of a second, holding the wide base while the defender is frozen.",831;1337,2,,,,
P0551,🔗,WR/TE,Release,"Drive leg failing to extend fully, leaving force in the ground; or the lead knee not driving through, so the first stride out of the plant is short.","The drive leg extends fully to deliver every bit of force, while the lead knee flexes and drives forward to take immediate ground into the lane.",860;1366,2,,,,
P0552,🔗,WR/TE,Release,"Drive leg too straight at push-off, producing little ground force, so the attack step lacks the urgency needed to make the fake believable.",The drive leg holds an acute bend - roughly 110 to 130 degrees - producing maximum ground force to launch onto the diagonal.,773;1279,2,,,,
P0553,🔗,WR/TE,Release,"Driving into the lane square-shouldered and upright, presenting a full chest for the defender to get hands on and re-route the release.",The leading shoulder dips into the direction of the release - getting skinny - so the receiver presents the smallest possible target as he attacks the lane.,857;1363,2,,,,
P0554,🔗,WR/TE,Release,"DROPPING THE HANDS - letting the arms trail behind the body, leaving no protection against a recovering defender's arm bar or jersey pull. (Specific hand technique needs the Hand landmarker.)","The trailing arm drives sharply past the shoulder plane with a swift chop, clearing the defender's frame as the receiver locks onto the vertical track.",863;1369,2,,,,
P0555,🔗,WR/TE,Release,"DROPPING THE HANDS - letting the arms trail behind the body, leaving no protection against a recovering defender's arm bar or jersey pull. Also: an arm path that never clears the shoulder plane. (Specific hand technique needs the Hand landmarker.)","The trailing arm drives violently past the shoulder plane - swipe, chop or club-rip - shattering the defender's reach as the receiver clears vertically.",838;1344,2,,,,
P0556,🔗,WR/TE,Release,"Escaping square-shouldered, leaving a full jersey surface exposed for a trailing defender to grab or arm-bar.","The trailing shoulder rolls inward and away as the receiver clears, eliminating the jersey surface a recovering defender could grab.",866;1372,2,,,,
P0557,🔗,WR/TE,Release,"Feet shuffling, creeping or resetting during the read, which breaks the freeze and tells the defender a move is coming.","The feet stay planted wide and parallel through the read - completely still, holding the base while the defender is frozen.",855;1361,2,,,,
P0558,🔗,WR/TE,Release,"Front knee straightening or losing its bend during the kickstep, so no energy is stored and the escape has to be generated from a standing start.",The front knee holds an acute bend - roughly 100 to 120 degrees - absorbing force and storing elastic energy for the escape rather than straightening under the load.,797;1303,2,,,,
P0559,🔗,WR/TE,Release,"Hands dropping as the receiver concentrates on the footwork, leaving him with no answer if the defender reaches out mid-slide. (Finger and grip detail needs the Hand landmarker.)","The hands stay up at lower chest height and relaxed through the slide, ready to react the instant a jam comes.",824;1330,2,,,,
P0560,🔗,WR/TE,Release,"Hands dropping below the hips during the kickstep, leaving the receiver unable to counter the jam. (Finger and grip detail needs the Hand landmarker.)","Hands stay active and up around lower chest height, ready to fight the defender's hands, never dropping below the hips.",800;1306,2,,,,
P0561,🔗,WR/TE,Release,"Hands dropping or going passive during the hesitation, leaving the receiver with nothing ready when the jam arrives. (Finger and grip detail needs the Hand landmarker.)","The hands stay up at chest level and active through the read, ready to strike the moment the defender's hands come.",854;1360,2,,,,
P0562,🔗,WR/TE,Release,"Hands hanging away from the frame or extended early, giving the defender something to grab and leaving nothing loaded for the escape. (Finger and grip detail needs the Hand landmarker.)","The hands retract tight to the lower chest and ribcage in a compact ready position, loaded to swipe or punch as the escape begins.",804;1310,2,,,,
P0563,🔗,WR/TE,Release,"Hands hanging loose or away from the frame during the pause, giving the defender something to grab and leaving nothing loaded for the strike. (Finger and grip detail needs the Hand landmarker.)","The hands retract tight to the lower ribcage into a compact ready position, loaded to strike as soon as contact comes.",828;1334,2,,,,
P0564,🔗,WR/TE,Release,"Hands staying low or arriving late, so the receiver has nothing ready when the defender's hands come. (Finger and grip detail needs the Hand landmarker.)","The hands come up quickly to chest height into a tight, relaxed ready position as the feet land - loaded to strike but not tense.",844;1350,2,,,,
P0565,🔗,WR/TE,Release,"Hands staying passive or low through the plant, leaving the receiver defenceless at the exact moment the defender is most likely to reach. (Specific hand technique needs the Hand landmarker.)","The hands come up fast into an aggressive strike position as the plant lands, ready to meet the defender if they reach out at the transition.",836;1342,2,,,,
P0566,🔗,WR/TE,Release,"Hands staying passive through the drive, leaving the defender free to land a clean jam on a receiver who is already committed to a direction. (Specific hand technique needs the Hand landmarker.)","The hands fire up and forward as the plant lands - striking, clearing or bypassing the defender's jam in the same instant the body drives.",859;1365,2,,,,
P0567,🔗,WR/TE,Release,"Hands staying wide or low at the plant, leaving the chest unprotected at the exact moment a defender who bought the fake is arriving. (Finger and grip detail needs the Hand landmarker.)","The outside hand crosses over the chest frame at the plant, shielding the body against any late contact from a defender closing on the fake.",786;1292,2,,,,
P0568,🔗,WR/TE,Release,"Head coming round slowly after the breakout, so the receiver is late finding the quarterback and the ball on a route designed to come out quickly. (Gaze and ball location are not pose-measurable.)","The head snaps round toward the sideline and upfield the instant the breakout fires, re-establishing vision to locate the quarterback and track the football.",795;1301,2,,,,
P0569,🔗,WR/TE,Release,"Head dipping toward the feet as the body loads at the plant, losing sight of the defender at the moment the release is about to start. (Gaze itself is not pose-measurable - orientation only.)","The head stays level through the plant, holding a neutral forward line rather than dropping to look at the feet as the body loads.",807;1313,2,,,,
P0570,🔗,WR/TE,Release,"Head dipping toward the feet or lifting off the defender's midsection line during the kickstep. (Gaze itself is not pose-measurable, and the defender is not in frame - orientation only.)",The head stays level and locked forward toward the defender's belt line - reading the hips rather than the hands or the feet.,796;1302,2,,,,
P0571,🔗,WR/TE,Release,"Head dropping to watch the feet during the slide, or turning upfield early and telegraphing the vertical release. (Gaze itself is not pose-measurable - orientation only.)","The head stays level and locked on the defender's belt line throughout the slide, tracking them laterally without dropping to the feet.",823;1329,2,,,,
P0572,🔗,WR/TE,Release,"Head dropping to watch the feet during the split, losing sight of the defender at the moment the read has to happen. (Gaze itself is not pose-measurable - orientation only.)","The head stays level and locked on the defender's belt line through the split, with no downward dip toward the feet as the body resets.",847;1353,2,,,,
P0573,🔗,WR/TE,Release,"Head starting to turn back outside before the plant lands, giving the defender an early warning and letting them jump the breakout. (Gaze itself is not pose-measurable - orientation only.)","The head holds the inside fake alignment right up to the exact plant frame, then prepares to snap back - the deception is maintained to the last possible instant.",785;1291,2,,,,
P0574,🔗,WR/TE,Release,"Head staying still or turning too slowly during the crossover, leaving the fake incomplete. (Gaze itself is not pose-measurable - orientation only.)","The head snaps sharply toward the inside lane in time with the crossover, adding the final piece of the fake - the defender reads the eyes as well as the feet.",813;1319,2,,,,
P0575,🔗,WR/TE,Release,"Head staying turned toward the fake after the escape, or turning back slowly, so the receiver loses track of the defender and is late finding the ball. (Gaze and ball location are not pose-measurable.)","The head snaps back upfield to align with the route, re-establishing vision quickly so the receiver can track the cushion and find the ball.",815;1321,2,,,,
P0576,🔗,WR/TE,Release,"Head staying turned toward the release side after the escape, or coming round slowly, so the receiver is late reading coverage and late finding the ball. (Gaze and ball location are not pose-measurable.)","The head comes round to track straight upfield, re-establishing vision quickly so the receiver can read coverage depth and locate the football.",865;1371,2,,,,
P0577,🔗,WR/TE,Release,"Head still turned toward the slide side after the burst, or coming round slowly, so the receiver is late reading coverage and late finding the ball. (Gaze and ball location are not pose-measurable.)","The head comes fully round to track upfield along the route, re-establishing vision quickly so the receiver can process cushion and locate the ball.",843;1349,2,,,,
P0578,🔗,WR/TE,Release,"Head turning back toward the outside before the plant, breaking the deception early and letting the defender sit on the breakout. (Gaze itself is not pose-measurable - orientation only.)","The head stays locked straight down the inside path through the push step, holding the deception right up until the plant.",781;1287,2,,,,
P0579,🔗,WR/TE,Release,Head turning before the plant (telegraphing the direction) or well after it (leaving the receiver driving blind into the lane). (Gaze itself is not pose-measurable - orientation only.),"The head snaps toward the chosen attack path as the plant fires, committing the whole body to the direction in one motion.",861;1367,2,,,,
P0580,🔗,WR/TE,Release,"Head turning upfield during the hesitation, tipping the vertical release before the read is complete. (Gaze and the defender's reaction are not pose-measurable.)","The head stays locked forward on the defender through the pause, reading whether their hips open or freeze before the receiver commits to the vertical.",829;1335,2,,,,
P0581,🔗,WR/TE,Release,"Head turning well before the plant (telegraphing the vertical) or lagging behind it, so the body commits before the receiver has picked up the lane. (Gaze itself is not pose-measurable - orientation only.)","The head begins turning upfield toward the release lane as the plant lands, leading the body into the vertical transition.",833;1339,2,,,,
P0582,🔗,WR/TE,Release,"Hips never finishing their rotation, leaving the receiver running at an angle across the field rather than vertically, which costs separation and distorts the route.","The hips rotate fully to point straight downfield, locking the receiver onto the vertical track so the route can develop at full speed.",862;1368,2,,,,
P0583,🔗,WR/TE,Release,"Hips opening slowly or lagging behind the plant, so the drive has no rotational force behind it and the receiver pushes sideways instead of exploding through the lane.","The hips turn and open violently toward the chosen lane the instant the plant foot hits, converting the loaded base into directional drive.",856;1362,2,,,,
P0584,🔗,WR/TE,Release,"Hips opening slowly or only partway, so the receiver drifts out of the cut rather than exploding, and the separation the fake created is given straight back.","The hips snap violently open toward the sideline, flipping the body off the inside track and onto the outside release in one decisive rotation.",794;1300,2,,,,
P0585,🔗,WR/TE,Release,"Hips rising during the hesitation, unloading the base - the receiver then has to re-sink before moving, which costs the advantage the split created.","The hips stay low through the read, preserving the loaded position so the receiver can explode in whichever direction the defender opens.",850;1356,2,,,,
P0586,🔗,WR/TE,Release,"Hips rising during the kickstep, unloading the legs and costing the elastic energy needed to escape.","Hips stay sunk low through the kickstep, holding the loaded height established in the stance with no upward rise.",799;1305,2,,,,
P0587,🔗,WR/TE,Release,"Hips rising during the pause, unloading the spring - the receiver then has to sink again before transitioning, which gives the defender time to recover.","The hips stay low and loaded through the hesitation, holding the compressed position so the forward transition can fire without a reset.",827;1333,2,,,,
P0588,🔗,WR/TE,Release,"Hips rising through the push step, so the receiver looks like he is preparing to stop rather than sprinting a route - the defender reads the cut coming.","The hips stay dropped and fully committed to the inside trajectory, holding the low sprinting position that makes the fake believable.",779;1285,2,,,,
P0589,🔗,WR/TE,Release,"Hips rotating during the slide, opening the receiver to the defender and tipping the release; or the hips rising and falling, which turns a glide into a hop.","The hips travel horizontally at a constant height with no rotation, staying square to the defender so the slide gives away nothing about the eventual release.",822;1328,2,,,,
P0590,🔗,WR/TE,Release,"Hips rotating slowly or incompletely, so the receiver drifts sideways out of the release instead of driving upfield, losing ground on the route stem.","The hips rotate sharply from the inside fake toward the sideline and upfield, converting the lateral momentum of the crossover into vertical drive up the field.",818;1324,2,,,,
P0591,🔗,WR/TE,Release,"Hips rotating slowly or only partway, leaving the receiver running at an angle across the field rather than vertically - the slide's advantage is lost in the transition.","The hips flip sharply from the lateral slide orientation to point straight upfield, locking the receiver onto the vertical track in a single decisive rotation.",841;1347,2,,,,
P0592,🔗,WR/TE,Release,"Hips staying high or drifting forward past the plant foot, so the spring never loads and the escape has no power behind it.","The hips drop and shift slightly back over the plant foot, compressing like a spring so the escape can launch in any direction.",806;1312,2,,,,
P0593,🔗,WR/TE,Release,"Hips staying level or rising at the plant instead of sinking, so nothing loads and the transition to vertical has no power behind it.","The hips sink further at the plant, loading the lower body so the lateral energy can be redirected into forward acceleration.",837;1343,2,,,,
P0594,🔗,WR/TE,Release,"Hips staying square while only the feet cross over - the fake is not sold, and the defender reads the outside release immediately.","The hips drive hard laterally across the defender's face, rotating toward the inside lane so the whole body sells the fake rather than just the feet.",812;1318,2,,,,
P0595,🔗,WR/TE,Release,"Hips staying square while only the feet take the diagonal, so the fake is not sold and a disciplined defender reads the outside release immediately.","The hips accelerate along the 45 degree path and rotate fully onto the inside diagonal, committing the whole body to the fake from the first step.",775;1281,2,,,,
P0596,🔗,WR/TE,Release,"Knees extending during the slide, which pops the body upward into a hop; or collapsing so deep the receiver cannot cover ground laterally.","Both knees hold a consistent bend - roughly 120 to 140 degrees - through the slide, producing a smooth lateral glide with no upward bounce.",820;1326,2,,,,
P0597,🔗,WR/TE,Release,"Knees staying at their kickstep angle or straightening at the plant, so the receiver is upright and committed rather than loaded and able to go either way.","Both knees bend deeper at the plant, dropping the receiver into a loaded crouch that can launch in any direction.",805;1311,2,,,,
P0598,🔗,WR/TE,Release,"Knees staying too straight to load the split, or weight settling back onto the heels so the receiver cannot push off cleanly.","Both knees bend deep into an athletic squat - roughly 90 to 110 degrees - with weight balanced evenly over the balls of the feet, ready to drive in any direction.",846;1352,2,,,,
P0599,🔗,WR/TE,Release,"Knees straightening during the hesitation, so the springs unload and the drive-off has to start from scratch.","Both knees hold their deep flexion through the read - loaded springs, ready to extend the instant the defender commits.",852;1358,2,,,,
P0600,🔗,WR/TE,Release,"Knees straightening or wobbling during the hesitation, so the receiver loses balance on the wide base or unloads the legs before the transition.","Both knees stay deep and stable through the pause, absorbing the lateral momentum and holding balance on the wide base.",826;1332,2,,,,
P0601,🔗,WR/TE,Release,"Landing tall and sinking afterwards, so there is a moment where the receiver is upright and unloaded - the split buys no advantage if the hips arrive late.","The hips drop the instant the feet land, lowering the centre of gravity immediately so the base is established and loaded in a single motion.",848;1354,2,,,,
P0602,🔗,WR/TE,Release,"Lead knee staying square or trailing the foot across, so the lower body does not commit and the fake reads as a feint rather than a release.","The lead knee flexes and drives aggressively inward across the body, pointing along the inside fake path to sell the release direction.",808;1314,2,,,,
P0603,🔗,WR/TE,Release,"LEANING EARLY - tilting the head or shoulders toward the intended release during the micro-pause, which completely tips off the true direction and wastes the freeze.","Quiet shoulders - no tilt, no rotation, no lean. The upper body gives away nothing while the receiver reads which way the defender is going.",851;1357,2,,,,
P0604,🔗,WR/TE,Release,"LEANING EARLY - tilting the head or shoulders toward the intended vertical route during the micro-pause, which completely tips off the true direction. Also: leaning back rather than forward, so no vertical threat is presented.","The torso tilts slightly forward over the toes to threaten an immediate vertical launch from the side lane, while the shoulders stay quiet and give nothing away.",830;1336,2,,,,
P0605,🔗,WR/TE,Release,"LEAVING THE CHEST EXPOSED - turning back outside with the chest wide open, which invites a trailing defender to land a heavy recovery punch and push the receiver off his path.","The inside shoulder rolls away from the defender as the receiver breaks out, turning the chest off them and eliminating the jersey surface they could grab.",792;1298,2,,,,
P0606,🔗,WR/TE,Release,"LOOKING AT THE DEFENDER - peeking at the DB instead of locking down the 45 degree track, which breaks the illusion before it is established. (Gaze itself is not pose-measurable - orientation only.)","The head locks straight down the 45 degree inside path from the first step, selling the route rather than checking on the defender.",776;1282,2,,,,
P0607,🔗,WR/TE,Release,"Low knee drive and an incomplete trailing-leg extension, so the first strides out of the release are short and the receiver takes too long to reach full speed.","The outside knee drives high and the trailing leg extends fully at push-off, taking ground upfield immediately rather than shuffling out of the release.",819;1325,2,,,,
P0608,🔗,WR/TE,Release,"Low knee drive on the push step, betraying that the receiver is not truly accelerating and is already preparing to plant.","The back knee drives high and hard on the push step, simulating full sprint acceleration so nothing about the movement suggests a fake.",780;1286,2,,,,
P0609,🔗,WR/TE,Release,"Low knee drive out of the breakout, so the first strides are short and the receiver takes too long to convert the cut into separation.","The outside knee drives high toward the sideline and upfield, taking immediate ground and building instant separation out of the cut.",791;1297,2,,,,
P0610,🔗,WR/TE,Release,"Low knee drive out of the burst, so the first strides are short and shuffling and the receiver takes too long to reach full speed after the transition.","The lead knee drives high out of the transition, taking immediate ground upfield and accelerating the receiver toward top speed.",842;1348,2,,,,
P0611,🔗,WR/TE,Release,"Low knee drive out of the escape, so the first strides are short and shuffling and the receiver takes too long to reach full speed.","The outside knee drives high through the escape strides, building linear speed immediately and creating separation from the defender.",867;1373,2,,,,
P0612,🔗,WR/TE,Release,"No hand action at the breakout, or an arm path that never crosses the shoulder line, leaving a recovering defender's hands attached through the escape. (Specific hand technique needs the Hand landmarker.)","The trailing arm executes a heavy downward chop past the shoulder line, clearing the defender's arms as the receiver breaks back to the outside.",790;1296,2,,,,
P0613,🔗,WR/TE,Release,"No hand action at the escape, or an arm path that never clears the shoulder plane, leaving the defender's hands attached through the release. (Specific hand technique needs the Hand landmarker.)","The trailing arm drives sharply past the shoulder plane - swipe, chop or swim - clearing the defender's hands as the body escapes outside.",817;1323,2,,,,
P0614,🔗,WR/TE,Release,"OVER-SPLITTING - landing far too wide, which locks up the hips so the receiver cannot push off to change direction. Also: feet leaving the ground at different times rather than together, or landing staggered instead of parallel.","Both feet leave the ground at the same instant, the back foot snapping forward and the front foot back, landing parallel and wider than shoulder width to establish a balanced, uncommitted base.",845;1351,2,,,,
P0615,🔗,WR/TE,Release,"Passive or low-amplitude arm action that does not match a real sprint, leaving the upper body out of step with the feet and weakening the fake.","The arms pump hard at chest height in a genuine sprint-start rhythm, matching what a real slant release would look like.",772;1278,2,,,,
P0616,🔗,WR/TE,Release,"Planting on a stiff, straight leg, which cannot absorb the lateral force - the receiver slides through the plant or has to take a recovery step before going vertical.",The planting knee bends sharply - roughly 90 to 110 degrees - absorbing the lateral energy of the slide and converting it into straight-line power.,834;1340,2,,,,
P0617,🔗,WR/TE,Release,"Planting on a stiff, straight leg, which cannot absorb the momentum or store energy - the receiver slides through the cut and the breakout has no power.",The planting knee flexes deep - roughly 90 to 110 degrees - creating a spring-loaded platform to drive back out toward the sideline.,787;1293,2,,,,
P0618,🔗,WR/TE,Release,"Planting with a braking action that kills momentum, or a base widening beyond shoulder width so the receiver has to gather before escaping.","The front foot plants firmly with no braking, and the feet stay tight within the body's frame - at or inside shoulder width - so the escape can fire in either direction.",802;1308,2,,,,
P0619,🔗,WR/TE,Release,"POP-UP BRAKING - letting the chest and hips rise when trying to stop. Without sinking the hips to absorb the momentum, the receiver slides or stumbles instead of cutting cleanly.","The hips drop sharply and shift slightly back at the plant, sinking to absorb the forward momentum and load the push back outside.",788;1294,2,,,,
P0620,🔗,WR/TE,Release,"Running through the release square-shouldered, presenting a full chest for the defender to get hands on and re-route the receiver.",The inside shoulder rolls away from the defender - getting skinny - so the receiver presents the narrowest possible surface as he clears the contact window.,814;1320,2,,,,
P0621,🔗,WR/TE,Release,"RUSHING THE READ - turning the head toward the intended path before the defender has declared, or skipping the read entirely and committing blind. (Gaze and the defender's reaction are not pose-measurable.)","The head stays locked on the defender's midsection through the read, processing whether they freeze, lean, or slide before the receiver commits.",853;1359,2,,,,
P0622,🔗,WR/TE,Release,"Shoulders lagging behind the feet or staying upright rather than driving low onto the diagonal, so the upper body never commits to the lie.","The shoulders rotate fully square to the 45 degree line with the torso driving low and forward, exactly as they would on a genuine slant.",774;1280,2,,,,
P0623,🔗,WR/TE,Release,"Shoulders rotating away from the hips during the slide, disconnecting the upper body and signalling the release direction before the receiver has committed.","The shoulders stay wide, level and square to the defender, moving with the hips rather than rotating independently of them.",821;1327,2,,,,
P0624,🔗,WR/TE,Release,"Shoulders rotating during the split, which tips the release direction before the receiver has even read the defender.","The shoulders stay perfectly square to the defender through the split, with the torso leaning slightly forward over the knees to shield the chest.",849;1355,2,,,,
P0625,🔗,WR/TE,Release,"Shoulders rotating open during the kickstep and telegraphing the release, or the torso leaning back away from the defender instead of staying over the toes.","The torso holds a slight forward lean over the toes while the shoulders stay square to the defender, giving away nothing about the intended release direction.",798;1304,2,,,,
P0626,🔗,WR/TE,Release,"Shoulders staying level through the crossover, so the upper body never sells the inside move and the defender stays square to the outside release.","The inside shoulder dips hard and the torso leans into the inside lane, committing the upper body to the fake so the defender has to honour it.",811;1317,2,,,,
P0627,🔗,WR/TE,Release,"SLAMMING INTO THE DB - releasing directly into the defender's body instead of taking an angled, tight path past their hip. The aim is to clear their frame, not initiate a collision. Also: drifting wide of the track and losing ground. (Defender position is not in frame - path tightness only.)","The escape step drives straight upfield on a tight angled path past the defender's hip, clearing their level entirely rather than drifting wide or running into them.",864;1370,2,,,,
P0628,🔗,WR/TE,Release,"SOFT CLEAT PLANT - failing to slam the outside foot into the turf with force. A soft plant results in a slow, sluggish transition from horizontal to vertical, and the foot drifts rather than gripping.","The outside foot slams aggressively into the turf and grips, arresting all lateral momentum in one contact so it can be converted straight into forward drive.",832;1338,2,,,,
P0629,🔗,WR/TE,Release,"SOFT FIRST STEP - taking a tentative, short step instead of an aggressive 45 degree launch. The receiver must look like he is sprinting a slant from step one. Also: losing ground backward before the step fires.","The back foot fires outward on a sharp 45 degree diagonal toward the inside lane, launching straight onto the diagonal track with no ground given up first.",777;1283,2,,,,
P0630,🔗,WR/TE,Release,"Staying square and upright through the plant, presenting a full chest just as the receiver commits and giving the defender a clean target to re-route.","The inside shoulder dips at the plant, lowering the chest profile and getting skinny against the defender's leverage as the transition begins.",835;1341,2,,,,
P0631,🔗,WR/TE,Release,"Stepping backward and losing ground to the defender, or kicking the rear foot wide of the front foot rather than directly behind it, which widens the base and slows the escape.","The rear foot kicks directly behind the front foot to load the release, without giving up ground backward. The step loads the body rather than retreating from the line.",801;1307,2,,,,
P0632,🔗,WR/TE,Release,"THE BUNNY HOP - jumping or leaping sideways instead of sliding. Hopping lifts both feet too high off the ground, leaving the receiver completely vulnerable if a defender jams him mid-air. Also: feet crossing rather than staying parallel.","The receiver pushes off the front foot and slides the back foot sideways, feet staying wide and parallel and low to the ground, moving laterally to bypass the jam rather than through it.",825;1331,2,,,,
P0633,🔗,WR/TE,Release,"The plant foot sliding or drifting at contact rather than gripping, so the momentum is not arrested and the receiver needs extra steps to change direction.","On the third step the outside foot slams into the turf along the 45 degree line and grips, acting as a violent brake that kills the inside momentum in one contact.",784;1290,2,,,,
P0634,🔗,WR/TE,Release,"The second step drifting off the 45 degree line or shortening, so the diagonal track bends and the defender reads that the inside move is not real.","The opposite foot drives down the exact same 45 degree line as the first step, taking real ground inside so the fake reads as a committed route.",783;1289,2,,,,
P0635,🔗,WR/TE,Release,"Torso rising toward upright during the push step, which tips that a plant is coming rather than a continued sprint inside.","The torso stays low and forward in an aggressive sprinting posture through the push step, matching what a genuine slant would look like.",778;1284,2,,,,
P0636,🔗,WR/TE,Routes,"A gather or recovery step between the plant and the first driving step, or the step drifting off the new line - either way the separation the cut created is handed straight back.","The inside foot drives immediately along the new route line with no drift, no gather step and no wasted movement between the plant and the acceleration.",892;1398,2,,,,
P0637,🔗,WR/TE,Routes,"A gather step between the plant and the drive out, or a high, short first step - either way the stored energy is wasted and the defender recovers the separation the stop created.","The receiver pushes explosively off the instep of the plant foot into a low, linear first step - the anchor converts straight into acceleration with nothing wasted.",925;1431,2,,,,
P0638,🔗,WR/TE,Routes,"Arm mechanics changing during the load step - shortening, tightening or breaking rhythm - which gives the defender a visual cue that the break is imminent.","The arm pump continues exactly as it was through the stem - unchanged amplitude and rhythm, so nothing about the upper body signals the load.",876;1382,2,,,,
P0639,🔗,WR/TE,Routes,"Arm pump shortening or slowing during the stem, a visual tell that the receiver is about to break down.","The arms pump violently through the stem at full sprint amplitude, driving the vertical push and giving no hint the break is coming.",900;1406,2,,,,
P0640,🔗,WR/TE,Routes,"Arm pump shortening or slowing during the stem, an early visual tell that the receiver is about to break.","The arms pump at full amplitude past the ribcage throughout the stem, driving the sprint and giving no indication a break is coming.",871;1377,2,,,,
P0641,🔗,WR/TE,Routes,"Arms flying wide at the plant, slowing the rotation and costing time in the break - and often unbalancing the receiver as he exits. (Finger and grip detail needs the Hand landmarker.)","The arms stay tucked tight to the chest through the plant, keeping the frame compact so the body rotates as fast as possible into the new direction.",890;1396,2,,,,
P0642,🔗,WR/TE,Routes,"Arms staying compact or pumping weakly out of the break, so the upper body adds nothing to rebuilding speed from a dead stop - where it matters most.","The arms fire back into a violent punch-like pump the instant the drive out begins, mechanically restoring sprint momentum from a standing stop.",921;1427,2,,,,
P0643,🔗,WR/TE,Routes,"Arms staying tucked or pumping weakly out of the cut, so the upper body contributes nothing to rebuilding speed on the new line.","The arms fire back into a violent forward pump the moment the cut is made, mechanically driving the receiver back up to sprinting speed.",893;1399,2,,,,
P0644,🔗,WR/TE,Routes,"Arms staying wide through the bait, slowing the rotation and costing the receiver time in the break. (Finger and grip detail needs the Hand landmarker.)","The arms pull in tight to the body as the turn begins, tightening the frame so the receiver can rotate faster into the break.",884;1390,2,,,,
P0645,🔗,WR/TE,Routes,"Arms still swinging wide through the breakdown, throwing the receiver off balance at exactly the moment he needs to be stable. (Finger and grip detail needs the Hand landmarker.)","The violent sprint pump compacts into a tight position near the chest, quieting the arms so they do not fight the deceleration or unbalance the body.",909;1415,2,,,,
P0646,🔗,WR/TE,Routes,BAILING OFF-TRACK - drifting wide toward the sideline or inside toward the middle right off the snap. Scurrying off the track ruins the spacing of the concept and runs the receiver straight into zone defenders.,"Explode off the ball with a violent, low pad-level release to clear the press defender's hands and establish a strict linear track down the hashes or the seam lane, then transition smoothly into top-end sprint posture with stride lengths opening to maximum expansion, chin tucked and core locked on the track.",971;1477,2,,,,
P0647,🔗,WR/TE,Routes,BANANA STEMMING - curving the path inward before making the actual break. A rounded line lets an inside-shade defender stay in front of the receiver the whole way. (Absolute depth needs a scale reference and the called depth.),"Sprint hard downfield for 10-12 yards (12-15 on the deeper variation), pushing the vertical stem straight through the defender's outside shoulder to force them to protect the deep outside lane. One step before the break, drop the weight subtly into the hips and prepare to transfer laterally - without any choppy or gathering steps.",967;1473,2,,,,
P0648,🔗,WR/TE,Routes,BANANA STEMMING - curving the path inward before making the actual break. A rounded line lets an inside-shade defender stay in front of the receiver the whole way. (Absolute depth needs a scale reference and the declared route.),"Run an ultra-aggressive vertical stem for 12-15 yards, pushing directly at the defender's midsection to freeze their leverage and force a deep backpedal respecting the post or go. At break depth, violently drop the weight into the hips and chop the cleats heavily through a 3-step breakdown to absorb the extra momentum the longer stem has built.",943;959;1449;1465,4,,,,
P0649,🔗,WR/TE,Routes,"BANANA STEMMING - curving the path inward before the actual break, letting an inside-shade defender stay in front the whole way. CHOPPING FEET - gathering or stutter-stepping before the break; a slant relies entirely on pure unmitigated speed, and chopping ruins the separation.","Fire off the line hard for 3 direct vertical strides in a fierce sprint-sell posture - the path must look identical to a go route to freeze the defender's feet and leverage. On the second step, subtly drop the hips an inch into a compact athletic posture while the feet keep moving at full velocity.",975;1481,2,,,,
P0650,🔗,WR/TE,Routes,"BLIND PLANT - the toe points straight ahead or wide of the new path, so the foot brakes instead of steering and the receiver slips off the anchor. Toe left down (plantarflexed) rather than pulled up, so the receiver slides through the plant or stubs the toe instead of biting the ground heel-first. Over-extending or lunging the plant step out ahead of the centre of mass, which costs body control and tips the break early by showing the defender the receiver is gathering rather than still running.","The outside foot lands with the toe pointing exactly down the new route angle, acting as a steering mechanism rather than just a brake. The toe is pulled up into dorsiflexion so the heel bites the grass first, giving clean, firm contact instead of a slide or a stubbed toe. The step stays compact and lands directly beneath the centre of mass - no over-extending or lunging - which both preserves body control and keeps the defender believing the receiver is still accelerating vertically until the instant the weight drops.",918;1424,2,,,,
P0651,🔗,WR/TE,Routes,"BLIND TURN - the torso rotates before the eyes do, so the receiver comes out of the break without having found the ball and is late reacting to a throw already in the air. (Gaze itself is not pose-measurable - orientation only.)","The head snaps immediately and fast toward the new route, leading the movement so the eyes find the quarterback before the body has finished turning.",915;1421,2,,,,
P0652,🔗,WR/TE,Routes,"BLIND TURNING - head yaw lagging behind the hip and shoulder rotation, meaning the receiver is turning blind rather than leading with his eyes, and will be late seeing the ball. (Gaze itself is not pose-measurable - orientation only.)","The head snaps hard and fast toward the new route trajectory, leading the whole movement - the eyes get there first and the body follows.",885;1391,2,,,,
P0653,🔗,WR/TE,Routes,BUBBLING THE ROUTE - letting the route angle backward toward the line of scrimmage or bubble downfield. The line must stay flat and parallel to the line of scrimmage to maximise the open void. (Ball location needs ball tracking.),"Push violently off the inside instep of the directing foot, sprint flat along the line across the formation, snap the eyes back over the inside shoulder to look for the ball, and secure the catch while bracing to turn upfield.",938;1444,2,,,,
P0654,🔗,WR/TE,Routes,"Chopping or stutter-stepping into the load, which turns a speed cut into a visible breakdown.","Gather into the break with a single subtle hip drop, without chopping or stutter-stepping into the load.",1826;1827;1828;1829,4,,,,
P0655,🔗,WR/TE,Routes,DRIFTING DOWNHILL - allowing the route to angle backward toward the line of scrimmage. The line must stay flat and parallel to the line of scrimmage to keep outrunning the trailing defender.,"Push violently off the inside instep of the directing foot, flip the hips wide open, and punch the outside arm across the body to accelerate flat along the 90-degree line toward the sideline.",966;1472,2,,,,
P0656,🔗,WR/TE,Routes,DRIFTING DOWNHILL - allowing the route to angle backward toward the line of scrimmage. The line must stay flat and parallel to the line of scrimmage to maximise the open void. (Ball location needs ball tracking.),"Push violently off the inside instep of the directing foot, sprint flat along the line toward the boundary, snap the eyes back over the inside shoulder to look for the ball, and secure the catch while bracing to turn upfield.",950;1456,2,,,,
P0657,🔗,WR/TE,Routes,"EARLY HANDS - running with the hands extended upward for several yards waiting for the ball. This is a clear signal to the defender, letting them play the arms and break up the pass. (Ball arrival timing needs ball tracking.)","Keep the hands down and running until the absolute last moment so the defender is not tipped off to the ball's arrival, then shoot the arms out late, secure the catch away from the frame, and protect the ball.",954;1460,2,,,,
P0658,🔗,WR/TE,Routes,"EXPOSING THE BALL - catching with the body loose or waiting for the ball to hit the chest. Over the middle, failing to snatch with extended hands and instantly tuck results in drops and forced fumbles. (Ball position and contact are not pose-measurable.)","Expect a heavy hit from a closing safety or linebacker over the middle. Keep the hands down late to mask the ball's arrival, then shoot the arms up violently to snap the ball out of the air at its highest point, instantly tucking it to protect against incoming contact.",974;1480,2,,,,
P0659,🔗,WR/TE,Routes,FADING EARLY - drifting inward toward the middle of the field right off the snap. This tells the defender exactly where the receiver is going and lets them squeeze him into the linebacker level. (Absolute depth needs a scale reference.),"Explode vertically off the line for 2 to 3 hard steps, driving the pads forward to threaten the defender's leverage and make them respect the go route. Then prepare to redirect sideways by subtly sinking the hips, keeping the feet moving at full speed with no choppy or gathering steps.",935;1441,2,,,,
P0660,🔗,WR/TE,Routes,"FADING EARLY - unconsciously drifting outward toward the sideline before the break depth, alerting the defender to clamp down on the corner. (Absolute depth needs a scale reference and the called depth.)","Drive off the line at full velocity for 10-12 yards (12-15 on the deeper variation) with pads leaning forward and long natural strides, pushing the defender into a deep vertical retreat. One step before the break, subtly drop the hips an inch to gather balance and prepare the core for high-speed redirection - without chopping or stutter-stepping.",931;1437,2,,,,
P0661,🔗,WR/TE,Routes,FADING EARLY - unconsciously drifting outward toward the sideline right off the snap. This tells the defender exactly where the receiver is going and lets them squeeze him into the boundary. (Absolute depth needs a scale reference.),"Explode vertically off the line for 2 to 3 hard steps, driving the pads forward to threaten the defender's leverage and make them respect a vertical release. Then prepare to redirect sideways by subtly sinking the hips, keeping the feet moving at full speed with no choppy or gathering steps.",947;1453,2,,,,
P0662,🔗,WR/TE,Routes,"Feet drifting off the stem line during the bait, so the lower body commits before the plant and the cut loses its sharpness.",The feet keep tracking straight under the body along the stem while the upper body begins to turn - the lower body has not yet committed to the break.,882;1388,2,,,,
P0663,🔗,WR/TE,Routes,"FLATTENING THE ANGLE - letting the route angle flat toward the sideline rather than holding a strict 45 degrees toward the corner pylon, which shortens the route and lets the defender close.","Push violently off the inside instep of the directing foot, flip the hips wide open, and punch the outside arm across the body to accelerate along a strict 45-degree line toward the corner.",934;1440,2,,,,
P0664,🔗,WR/TE,Routes,"FLATTENING THE ROUTE - letting the route drift flat toward the opposite sideline instead of holding a true 45-degree angle toward the goal post, which takes the receiver out of the intended throwing window.","Drive powerfully off the inside instep of the directing foot, snap the hips wide open, and punch the outside arm across the body to accelerate down the 45-degree track, holding a low, aggressive acceleration posture.",970;1476,2,,,,
P0665,🔗,WR/TE,Routes,"Hands dropping or going wide during the pause, so the receiver is neither ready for a quick throw nor compact enough to turn fast. (Finger and grip detail needs the Hand landmarker.)","The hands stay elevated and active in a compact frame through the pause, ready to catch and tight enough not to slow the rotation.",913;1419,2,,,,
P0666,🔗,WR/TE,Routes,"Head beginning to turn during the load step rather than at the transition, breaking the deception one step too early. (Gaze itself is not pose-measurable - orientation only.)","Vision stays fixed downfield right through the load step, holding the deep threat until the exact frame the transition begins.",879;1385,2,,,,
P0667,🔗,WR/TE,Routes,"Head coming round late or after the body has pivoted, so the receiver finishes the break without having found the quarterback - and a ball already in the air arrives before he is looking for it. (Gaze and ball location are not pose-measurable.)","The millisecond forward momentum halts, snap the head and eyes back around over the inside shoulder to face the quarterback first. Turning the vision inside opens the upper torso and picks up the ball's trajectory before the lower body has finished its pivot.",928;940;956;1434;1446;1462,6,,,,
P0668,🔗,WR/TE,Routes,"Head snap arriving before or after cleat impact rather than with it - either the receiver tips the break early, or he is still turning when the ball is already on its way.","The head snap lands on exactly the same instant as the cleat hits the ground - eyes and anchor arriving together, so the receiver is looking at the quarterback the moment he is able to catch.",920;1426,2,,,,
P0669,🔗,WR/TE,Routes,"Head still rotating at the plant rather than already locked on the new corridor, so the receiver comes out of the cut late to find the ball. (Gaze and ball location are not pose-measurable.)","By the plant the head is fully locked down the new route corridor, already looking for open space and the football before the body has finished turning.",891;1397,2,,,,
P0670,🔗,WR/TE,Routes,"Head turning at the same time as the plant or after it, so the body commits before the eyes have opened the boundary - the torso does not pre-rotate and the break is slower. (Gaze itself is not pose-measurable - orientation only.)","At the exact peak of deceleration, snap the head and eyes sharply toward the sideline first. The visual turn shifts equilibrium and opens the upper torso toward the boundary before the feet leave the turf.",964;1470,2,,,,
P0671,🔗,WR/TE,Routes,"Head turning during the breakdown rather than at the visual snap, giving the defender an extra beat of warning before the break. (Gaze itself is not pose-measurable - orientation only.)","Vision stays locked downfield through the breakdown steps, holding the deep threat even as the body gathers to stop.",908;1414,2,,,,
P0672,🔗,WR/TE,Routes,"Head turning so far to track the ball that the body follows and drifts off the route line, or losing the target entirely coming out of the break. (Gaze and ball location are not pose-measurable.)",The head tracks the target while staying aligned with the new running lane - the receiver finds the ball without letting his body drift off the route line.,894;1400,2,,,,
P0673,🔗,WR/TE,Routes,"Head turning toward the break direction during the stem, tipping the route before the receiver has reached the break point. (Gaze itself is not pose-measurable - orientation only.)","The head stays locked straight downfield through the stem, selling the vertical route and giving the defender nothing to read.",869;1375,2,,,,
P0674,🔗,WR/TE,Routes,"Head turning toward the break during the stem, breaking the vertical threat before the receiver has reached the break point. (Gaze itself is not pose-measurable - orientation only.)","Vision stays locked straight downfield through the stem, maintaining the deep vertical threat that makes the stop work.",902;1408,2,,,,
P0675,🔗,WR/TE,Routes,"Head turning with or after the plant rather than leading it, so the receiver breaks across the defender's face without having cleared his vision - and on a route this quick, the ball is often already out. (Gaze and defender positions are not pose-measurable.)","At the exact peak of the third stride, snap the head and eyes inside across the middle of the field first. The visual snap instantly clears vision to read the inside linebackers and pick up the ball's release.",976;1482,2,,,,
P0676,🔗,WR/TE,Routes,"Head turning with or after the plant rather than leading it, so the receiver breaks into the middle without having cleared his vision for crashing inside defenders. (Gaze and defender positions are not pose-measurable.)","At the absolute peak of the breakdown, snap the head and eyes around to face the quarterback first. The visual snap opens the torso and clears vision to read the inside linebackers before the body commits.",944;960;1450;1466,4,,,,
P0677,🔗,WR/TE,Routes,"Head turning with the plant or after it rather than leading it, so the receiver breaks inside without having read the safety rotation and the torso never pre-rotates. (Gaze and safety position are not pose-measurable.)","At the peak of the stem, snap the head and eyes around to face the near goal post first. The visual snap opens the torso and clears vision to read the safety rotation before the body commits.",968;1474,2,,,,
P0678,🔗,WR/TE,Routes,"Head turning with the plant or after it rather than leading it, so the shoulders never uncoil into the lane and the break is slower than a quick-game route can afford. (Gaze itself is not pose-measurable - orientation only.)","At break depth, snap the head and eyes sharply toward the sideline first. The visual focus locks onto the boundary line, which naturally uncoils the neck and shoulders into the flat lane.",948;1454,2,,,,
P0679,🔗,WR/TE,Routes,"Head turning with the plant or after it rather than leading it, so the shoulders never uncoil into the lane and the receiver crosses without having seen the linebacker level. (Gaze and defender positions are not pose-measurable.)","At break depth, snap the head and eyes sharply across the formation first. The visual focus locks onto the open grass underneath the linebackers, which naturally uncoils the neck and shoulders into the cross lane.",936;1442,2,,,,
P0680,🔗,WR/TE,Routes,"Head turning with the plant or after it rather than leading it, so the torso never pre-rotates and the break is slower and squarer than it should be. (Gaze itself is not pose-measurable - orientation only.)","At break depth, snap the head and eyes sharply toward the corner pylon first. The rapid visual rotation opens the upper torso and shifts equilibrium toward the outside before the lower body begins to pivot.",932;1438,2,,,,
P0681,🔗,WR/TE,Routes,"Hips already rising at the plant rather than bottoming out, so the anchor is weak and the receiver gets carried past the break point.","The hips reach their lowest point of the entire cut at the plant - the core locked down against the ground, giving the anchor maximum stability.",919;1425,2,,,,
P0682,🔗,WR/TE,Routes,"Hips opening to a different angle than the head and plant foot, so the body fights itself through the cut and the exit line is wrong.","The hips snap open to exactly the angle the head and the plant foot have already established - head, foot and hips all pointing down the same new route line.",889;1395,2,,,,
P0683,🔗,WR/TE,Routes,"Hips rising during the pause, unloading the legs - the receiver then has to drop again before he can drive out, and the break is late.","The hips hold their low position through the pause, staying loaded so the plant can fire without needing to re-sink.",911;1417,2,,,,
P0684,🔗,WR/TE,Routes,"Hips rotating fully before the plant, committing early and letting the defender break on the route; or not uncoiling at all, so the plant has to do all the work and the cut rounds off.","The hips begin to uncoil toward the break direction, starting the rotation that the plant will complete.",883;1389,2,,,,
P0685,🔗,WR/TE,Routes,"Knee drive dropping off during the stem, slowing the receiver early and removing the vertical threat the stop cut depends on.","The knees drive at full sprint height through the stem, generating the maximum speed that the breakdown will then have to absorb.",898;1404,2,,,,
P0686,🔗,WR/TE,Routes,"Knee lift dropping off during the stem, which slows the receiver and signals that he is preparing to break rather than running deep.","The front knee lifts high through the swing phase on every stride, sustaining genuine top-end speed down the stem.",868;1374,2,,,,
P0687,🔗,WR/TE,Routes,"Knees extending during the bait, so the receiver arrives at the plant unloaded and cannot absorb the lateral force - the cut slips or rounds.","Both knees stay actively bent through the bait, loaded and ready to handle the high-speed lateral shift that the plant is about to demand.",881;1387,2,,,,
P0688,🔗,WR/TE,Routes,"Knees extending during the pause, so the stored energy leaks away and the drive out has to be generated from scratch.","The deep knee bend is maintained through the pause, keeping the lower body loaded like a spring ready to fire on the plant.",914;1420,2,,,,
P0689,🔗,WR/TE,Routes,"Knees staying relatively straight through the breakdown, so there is nothing to absorb the momentum - the receiver skids, stumbles, or needs extra steps to stop.","Both knees move from maximum sprint drive into deep bilateral flexion, working as shock absorbers to soak up the speed the stem built.",907;1413,2,,,,
P0690,🔗,WR/TE,Routes,"Lead knee staying stiff through the load step, so the sink cannot be absorbed and the receiver either pops up or loses balance going into the plant.","The lead knee bends more deeply on the load step, absorbing the downward force of the sink while keeping the receiver stable at full speed.",878;1384,2,,,,
P0691,🔗,WR/TE,Routes,LOOKING BACK EARLY - turning the head to look for the ball while it is still in the air and outside the catch radius. Looking back early kills top-end speed and tells the defender to play the hands. (Defender position and stack are not pose-measurable.),"Running neck-and-neck with the defender, use a high-speed hand swipe or arm bar to clear their trailing reach, working to stack the body directly in front of their path and strip away their recovery angle - while the head stays locked downfield.",952;1458,2,,,,
P0692,🔗,WR/TE,Routes,"Losing the quarterback coming out of the break, or turning the head so far that the body follows and the exit line curves off the route. (Gaze and ball location are not pose-measurable.)","Vision stays locked on the quarterback through the drive out, tracking the throw while the body holds its line on the new trajectory.",926;1432,2,,,,
P0693,🔗,WR/TE,Routes,"Low knee drive out of the break, so the receiver shuffles back up to speed and the throwing window closes before he can separate.","The lead knee drives immediately up and forward out of the plant, converting the stored energy into instant acceleration on the new line.",922;1428,2,,,,
P0694,🔗,WR/TE,Routes,"Low knee drive out of the break, so the receiver shuffles back up to speed and the window the cut opened closes before the ball arrives.","The lead knee drives high and forward out of the cut, generating maximum instant acceleration back to full speed on the new line.",897;1403,2,,,,
P0695,🔗,WR/TE,Routes,"OVERSTRIDING / FLOPPY FOOTWORK - reaching too far forward to try to outrun a deep safety, or running with a loose, downward-pointing toe. This strips core stability and caps top-end speed. Also: drifting laterally out of the void.","Squeeze tightly into the defensive void with the running track completely straight. Steps stay compact and directly beneath the centre of mass without overstriding, toes pulling up into sharp dorsiflexion on every stride for a rigid ankle lock, while the eyes track the ball over the inside shoulder.",973;1479,2,,,,
P0696,🔗,WR/TE,Routes,"OVERSTRIDING / FLOPPY FOOTWORK - reaching too far forward to try to run faster, or running with a loose, downward-pointing toe. This strips core stability, caps top-end speed, and costs balance down the sideline.","The running stride stays completely natural and uninterrupted, steps landing compact and directly beneath the centre of mass without overstriding. The toes pull up into sharp dorsiflexion on every stride to hold a rigid, explosive ankle lock against the turf while the eyes track the ball over the shoulder.",953;1459,2,,,,
P0697,🔗,WR/TE,Routes,"OVERSTRIDING THE BREAK - reaching too far inside with a long, diving step. This elongates the body frame, tells the defender exactly when the break is coming, and locks up the hips so the receiver cannot accelerate smoothly out of the cut.","The millisecond the eyes locate the post, drive the OUTSIDE cutting foot down into a compact step tightly aligned within the frame. The toe is pulled upward into dorsiflexion right before contact to establish a firm ankle lock. The cleat slams down directly beneath the hips, instantly pointing the toe at a sharp 45-degree angle toward the post.",969;977;1475;1483,4,,,,
P0698,🔗,WR/TE,Routes,"OVERSTRIDING THE BREAK - reaching too far inside with a long, diving step. This elongates the body frame, tells the defender exactly when the break is coming, and locks up the hips so the receiver cannot accelerate smoothly out of the cut. Also: THE FLOPPY-FOOT SLIDE - planting with a loose, downward-pointing toe out in front of the chest, lacking the rigidity to anchor a 90-degree turn, so the shoe slides over the grass.","The instant the eyes locate the inside lane, drive the outside cutting foot down into a compact step tightly aligned within the frame. The toe is pulled upward into dorsiflexion right before contact to establish a firm ankle lock. The cleat slams down directly beneath the hips, instantly pointing the toe at a sharp 90-degree angle toward the middle of the field.",945;961;1451;1467,4,,,,
P0699,🔗,WR/TE,Routes,"Planting on a stiff leg, which cannot absorb the speed or store energy - the receiver either slides through the cut or has to take recovery steps before accelerating.","The plant knee drops into deep flexion at contact, loading the leg as a high-speed spring that will fire the receiver out on the new line.",887;1393,2,,,,
P0700,🔗,WR/TE,Routes,"Planting on a straight or shallow-bent leg, which cannot absorb the remaining momentum - the receiver skids through the break or jars to a stop with nothing stored for the exit.","The planting knee flexes deep at contact, building a powerful stopping platform that absorbs the last of the momentum and stores it for the drive out.",917;1423,2,,,,
P0701,🔗,WR/TE,Routes,"POPPING UP - a sudden upward spike in hip or chest height, destroying the low sprint angle and broadcasting the break. Also: sinking so far that forward velocity drops and the cut becomes a gather.","The hips drop a small, controlled amount to load the cut - without losing any forward speed. The sink is subtle enough that the defender cannot see it coming.",875;1381,2,,,,
P0702,🔗,WR/TE,Routes,"ROUNDING - the exit trajectory curves rather than forming a sharp line, so the defender recovers the ground the stop had won. Usually caused by the hips rotating too slowly out of the plant.","The hips rotate rapidly to sit parallel with the new exit trajectory, locking the receiver onto a sharp straight line out of the break.",924;1430,2,,,,
P0703,🔗,WR/TE,Routes,"ROUNDING THE ANGLE - the pelvis trajectory forms a wide curve instead of a sharp linear exit, giving the defender time and space to recover the separation the cut had created.","The hips travel on a strict straight line along the new route path, exiting the cut at a sharp angle rather than curving out of it.",895;1401,2,,,,
P0704,🔗,WR/TE,Routes,RUNNING FLAT - flattening the route out horizontally toward the opposite sideline. The receiver must hold a strict 45-degree angle to keep outrunning the trailing defender. (Ball location needs ball tracking.),"Roll the body weight smoothly off the directing foot, punch the outside arm violently across the body to hold top sprinting speed, maintain the 45-degree trajectory, and catch the ball cleanly in stride.",978;1484,2,,,,
P0705,🔗,WR/TE,Routes,"RUNNING FLAT / BANANING - letting the route drift downfield toward the defensive backfield instead of holding a flat, razor-sharp 90-degree line across the middle.","Drive powerfully off the inside instep of the directing foot, snap the hips wide open, and punch the outside arm across the body to accelerate flat across the field, holding a low, aggressive acceleration posture.",946;962;1452;1468,4,,,,
P0706,🔗,WR/TE,Routes,"Shoulders lagging behind the head turn or staying square, so the upper body does not lead the cut and the transition has to be driven entirely by the plant.","The shoulders turn in time with the head, tilting into the new direction so the upper body initiates the cut and blindsides the defender before the feet move.",880;1386,2,,,,
P0707,🔗,WR/TE,Routes,"Shoulders rotating before or without the head, so the body commits blind and the receiver is late picking up the ball out of the break.","The shoulders rotate in behind the head turn, shifting the body's equilibrium toward the new break so the plant can redirect immediately.",912;1418,2,,,,
P0708,🔗,WR/TE,Routes,"Shoulders sitting back behind the plant foot, so the weight is behind the anchor and the receiver slips backward instead of driving out.","The torso leans securely out over the planting toe, keeping the weight stacked over the anchor so the receiver does not slip backward off the plant.",916;1422,2,,,,
P0709,🔗,WR/TE,Routes,"Shoulders starting to rotate toward the break during the load step, an early tell that lets the defender jump the route.",The shoulders stay completely square to the stem and forward over the knees during the load - the upper body reveals nothing while the lower body prepares.,874;1380,2,,,,
P0710,🔗,WR/TE,Routes,"Shoulders staying out over the toes through the breakdown, so momentum carries the chest forward and the receiver cannot stop cleanly or has to take recovery steps.","The forward sprint lean shifts back into a tucked, balanced position with the shoulders inside the knee frame, so the receiver can anchor rather than being carried forward.",906;1412,2,,,,
P0711,🔗,WR/TE,Routes,"Shoulders staying rotated or the torso staying upright after the cut, so the receiver runs out of the break unbalanced and slow to rebuild speed.","The shoulders square up to the new route line and the torso resumes its forward sprinting lean, the body reset into pure acceleration.",896;1402,2,,,,
P0712,🔗,WR/TE,Routes,"Shoulders staying rotated or the torso staying upright and tucked after the break, so the receiver runs out slow and unbalanced on the new line.","The shoulders square up to the new path and the torso resumes its forward sprint lean, the body reset from stopping posture into pure acceleration.",923;1429,2,,,,
P0713,🔗,WR/TE,Routes,SLOWING DOWN FOR CONTACT - decelerating or stutter-stepping when an inside linebacker tries to reroute or jam. The receiver must sprint through the contact and use the hands to clear without dropping speed. (Defender contact is not pose-measurable.),"Pushing through the intermediate zone at 10-12 yards, expect a collision or squeeze from interior linebackers or safeties. Use a high-speed hand swipe, chop or arm bar to clear their contact while holding the vertical line without drifting off-track or losing a step.",972;1478,2,,,,
P0714,🔗,WR/TE,Routes,"Standing up out of the release rather than driving low, or strides failing to expand into top-end sprint mechanics - either way the receiver never reaches the speed the route depends on.","Explode off the ball with a violent, low pad-level release to clear the press defender's hands and establish the vertical track, then transition from acceleration into full top-speed sprint posture - stride lengths opening to maximum expansion with the chin tucked.",951;1457,2,,,,
P0715,🔗,WR/TE,Routes,"Staying upright through the plant, so momentum carries the receiver wide and the cut rounds off; or over-leaning and losing balance out of the break.","The torso tilts sharply inward toward the new route angle at the plant, countering the centrifugal force of the cut and keeping the receiver balanced through the turn.",886;1392,2,,,,
P0716,🔗,WR/TE,Routes,"STIFF LEG - entering the breakdown with the hips still high, so the deceleration is absorbed through the knees rather than the whole lower body. Slower to stop and hard on the joints.","The hips drop drastically on the breakdown steps, dumping the centre of gravity low so the legs can absorb the speed and the body can anchor.",904;1410,2,,,,
P0717,🔗,WR/TE,Routes,"STIFF-LEGGED BRAKING - trying to stop without sinking the hips. The receiver stumbles forward, takes too many recovery steps, and puts dangerous stress on the knees. (Absolute depth needs a scale reference and the declared route.)","Explode off the line and sprint at full vertical velocity for 12-15 yards, forcing the defender to turn their hips into a deep, desperate retreat. At break depth, violently sink the hips and chop the cleats rapidly into the turf - the sudden lowering of the centre of gravity is the braking system that halts forward momentum.",927;1433,2,,,,
P0718,🔗,WR/TE,Routes,"Still carrying forward velocity through the pause, so the receiver drifts past the break point and the route depth is wrong; or the base narrowing and losing the platform for the plant.","The wide, low stance holds for a beat as forward velocity reaches zero - the receiver is genuinely stopped, not still drifting.",910;1416,2,,,,
P0719,🔗,WR/TE,Routes,"Stride shortening on the load step, which is a visible gather and tells the defender the break is one step away.",Stride length holds at its full stem value through the load step while the weight quietly prepares to transfer laterally - nothing shortens or gathers.,877;1383,2,,,,
P0720,🔗,WR/TE,Routes,"STUTTER STEPPING - stride length shortening or step frequency rising before the break point, which tells the defender a cut is coming and surrenders the advantage the stem was built to create.",Stride length stays maximal and constant through the vertical stem - the receiver runs at genuine top speed so the deep route is believable right up to the break.,873;1379,2,,,,
P0721,🔗,WR/TE,Routes,"TELEGRAPHING - stride shortening or velocity dropping before the breakdown, which warns the defender the receiver is about to stop and lets them sit on the route.","Stride length stays maximal through the vertical stem, holding genuine top speed so the deep threat forces the defender to turn and run.",899;1405,2,,,,
P0722,🔗,WR/TE,Routes,"TELEGRAPHING THE STOP - slowing down or rising out of the low pad level a couple of yards before the break point, which lets the defender instantly close the cushion. STIFF-LEGGED BRAKING - trying to stop without sinking the hips, causing a stumble, extra recovery steps, and dangerous stress on the knees.","Explode off the ball and sprint at full vertical velocity to roughly 12 yards, holding a low pad level and natural full strides to drive the defender into a deep backpedal. At break depth, violently sink the hips and chop the cleats rapidly into the turf - the sudden lowering of the centre of gravity is the braking system that halts the momentum the longer stem has built.",939;955;1445;1461,4,,,,
P0723,🔗,WR/TE,Routes,"THE BLIND PLANT - the foot lands still pointing straight downfield instead of along the new path, so the receiver slides outward, loses his base, and the cut becomes a skid rather than a redirect. Toe left down (plantarflexed) rather than pulled up, so the receiver slides through the plant or stubs the toe instead of biting the ground heel-first. Over-extending or lunging the plant step out ahead of the centre of mass, which costs body control and tips the break early.","The outside cutting foot lands with the toe already pointed along the new route path, steering the body into the break rather than braking against it. The toe is pulled up into dorsiflexion so the heel bites the grass first, giving clean, firm contact instead of a slide or a stubbed toe. The step stays compact and lands directly beneath the centre of mass - no over-extending or lunging - which preserves body control and keeps the defender believing the receiver is still running vertically until the instant the weight drops.",888;1394,2,,,,
P0724,🔗,WR/TE,Routes,"THE DEAD GIVEAWAY - slowing the arm pump or raising the chest before reaching break depth, alerting the defender to clamp down on the out route. (Absolute depth needs a scale reference and the declared route.)","Drive off the line at full velocity for 10-12 yards with pads leaning forward and natural full strides, forcing the defender into an aggressive backpedal for fear of the go route. Two steps before break depth, violently sink the hips and chop the cleats to control speed - without standing up or slowing the arm pump.",963;1469,2,,,,
P0725,🔗,WR/TE,Routes,"THE DOWNFIELD TOE PLANT - planting with the toe still pointing toward the end zone. Failing to direct the foot at 90 degrees causes the receiver to drift downfield, running straight into the waiting linebackers.","The instant the eyes find the cross lane, drive the outside foot down into a sharp, compact step positioned firmly beneath the body weight. The toe is pulled up before the foot strikes to ground cleanly. Instantly point the toe and direct the final step down a flat 90-degree track across the field, masking the horizontal break until the last possible instant.",937;1443,2,,,,
P0726,🔗,WR/TE,Routes,"THE FLOPPY-FOOT SLIDE - planting with a loose, downward-pointing toe far out in front of the chest. This lacks the rigidity required to anchor a 90-degree turn, so the shoe slides over the grass and the defender closes the gap.","The instant the eyes find the sideline, drive the INSIDE foot down into a sharp, compact step positioned firmly beneath the body weight. The toe is pulled up into dorsiflexion before the foot strikes to ground cleanly. Instantly point the toe and direct the final step down a flat 90-degree track toward the boundary, masking the horizontal break until the last possible instant.",949;1455,2,,,,
P0727,🔗,WR/TE,Routes,"THE LUNGING SLIDE - lunging too far forward with a loose, downward-pointing toe. The over-extension lacks the rigidity to anchor a 45-degree turn, so the shoe slides over the grass and the defender closes the gap.","As the eyes lock onto the pylon, drive the INSIDE foot down into a tight, compact step directly under the centre of mass. The toe is pulled up sharply into dorsiflexion right before contact, striking with a rigid foot. Instantly point the toe down a 45-degree track toward the corner, masking the break until the last possible instant.",933;1439,2,,,,
P0728,🔗,WR/TE,Routes,"THE LUNGING SLIDE - lunging too far forward with a loose, downward-pointing toe. The over-extension lacks the rigidity to anchor a 90-degree turn, so the shoe slides over the grass and the defender closes the gap.","As the eyes find the boundary, slam the inside foot down into a tight, compact step directly under the centre of mass. The toe is pulled up sharply into dorsiflexion right before contact, striking with a rigid foot to lock the brakes. Instantly pivot and point the toe down a flat 90-degree track toward the sideline, masking the break until the last possible instant.",965;1471,2,,,,
P0729,🔗,WR/TE,Routes,"THE LUNGING TOE PLANT - reaching too far forward with the planting step and letting the toe point downward before contact. This strips core stability, causes a slide, and tips off the defender early because the running stride visibly changes before the cut.","As the eyes find the quarterback, drive the outside cutting foot down into a tight, compact step directly under the hips. The toe is pulled up sharply into dorsiflexion right before contact, striking heel and midfoot first to lock the brakes instantly. Pivot and direct the toe at a 45-degree angle back down the stem toward the sideline.",929;941;957;1435;1447;1463,6,,,,
P0730,🔗,WR/TE,Routes,"Too many chop steps, or a gradual slow-down rather than a sharp gather - the breakdown takes too long and the defender closes the space before the break.","Stride shortens rapidly into 2 to 3 chop steps, gathering the feet underneath the body to kill momentum in as little ground as possible.",905;1411,2,,,,
P0731,🔗,WR/TE,Routes,"Torso rising toward upright during the stem, an early tell that the receiver is preparing to break down.","The torso holds an aggressive forward sprint lean through the stem, the posture of a receiver running past the defender rather than one preparing to stop.",901;1407,2,,,,
P0732,🔗,WR/TE,Routes,"Torso rising toward upright during the stem, which reads as a receiver preparing to stop rather than one running past the defender.","The torso holds an aggressive forward lean over the toes through the stem, matching what a genuine deep sprint looks like.",872;1378,2,,,,
P0733,🔗,WR/TE,Routes,"Velocity dropping off during the stem, or excessive vertical bounce wasting energy - either way the deep threat is not sold and the defender does not have to respect it.",The hips carry constant high-speed forward travel with minimal vertical bounce - all the energy goes into covering ground down the stem.,870;1376,2,,,,
P0734,🔗,WR/TE,Routes,"Velocity easing off during the stem, so the deep threat is never established and the defender does not have to respect it.","The hips carry constant high-speed travel down the stem with minimal bounce, selling the vertical route before anything changes.",903;1409,2,,,,
P0735,🔗,WR/TE,Routes,WAITING ON THE BALL - standing still after making the cut. The receiver must actively run back downhill toward the ball to stop a trailing defender undercutting the route for an interception. (Ball position and defender leverage are not pose-measurable.),"Drive powerfully off the inside instep of the directing foot and work back downhill toward the ball, shortening the distance of the throw, squaring the shoulders to the quarterback to shield the ball, and securing the catch with the hands extended away from the frame.",930;942;958;1436;1448;1464,6,,,,
P0736,🔗,WR/TE,Stance,"Base too narrow to balance, or so wide it restricts the first step and forces a false step to recover.","Feet are approximately shoulder width apart, providing a stable and explosive base. The stance is wide enough for balance without restricting the first step.",984;1490,2,,,,
P0737,🔗,WR/TE,Stance,"Front knee locked or straight, knee collapsing inside or outside the toe line, or rear knee too extended to contribute to the first movement.",Front knee is bent rather than locked. The knee tracks forward toward the toe while maintaining an athletic loaded position. Rear knee remains flexed enough to contribute to the first movement.,980;1486,2,,,,
P0738,🔗,WR/TE,Stance,"Hands crossed over the body's midline, clamped tight to the torso, or held so low or high that the receiver cannot react to a press. Arms rigid rather than relaxed. (Finger and grip detail needs the Hand landmarker.)","Hands remain relaxed, uncrossed, and independent. Hands are positioned near the waist or slightly higher in front of the chest depending on anticipated coverage. Hands remain free to immediately react to a press defender.",985;1491,2,,,,
P0739,🔗,WR/TE,Stance,"Head facing straight downfield rather than turned inside to the ball, or head unstable/bobbing pre-snap so the receiver reacts late. (Gaze itself is not pose-measurable - orientation only. Ball location needs ball tracking.)","Head is turned inside toward the football before the snap, with eyes locked onto the ball. The receiver uses the football's movement as the visual snap cue rather than reacting to the quarterback's verbal cadence. Head position remains controlled and stable so the receiver can explode immediately when the ball is snapped without a false start.",981;1498,2,,,,
P0740,🔗,WR/TE,Stance,"Hips opened toward the release before movement begins, giving away direction, or hips drifting out from under the torso so the drive is weakened.",Hips remain loaded underneath the torso and prepared to drive toward the release. Hips should not be excessively opened before movement begins.,988;1494,2,,,,
P0741,🔗,WR/TE,Stance,Outside foot forward instead of the inside foot; stagger too deep or too shallow to release cleanly; front toe square or turned outward rather than slightly in; or the inward turn overdone so it pulls the hips inside and opens them before the snap. (Which foot is 'inside' depends on alignment side - not determinable from a solo clip.),"Inside foot is forward, toward the ball. Feet maintain the appropriate stagger and orientation to allow the receiver to release without a false step. The front foot carries a very slight inward turn - enough to aid the release, but not so much that the turn carries up into the hips and opens them inside. The front foot supports the initial roll-off movement.",982;1488,2,,,,
P0742,🔗,WR/TE,Stance,"Shoulders rotated away from the line before the snap, telegraphing the release direction to the defender, or shoulder line unlevel enough to unbalance the first step.",Shoulders remain controlled and aligned with the intended release position. The upper body should not rotate excessively away from the line before movement begins.,979;1485,2,,,,
P0743,🔗,WR/TE,Stance,"Standing too tall with no forward readiness, or crouching so low the receiver cannot release cleanly. Chest behind or well past the front knee.","Chest and hips are lowered into an athletic position. The shoulders/chest are positioned over the front knee, creating forward readiness without excessive crouching.",987;1493,2,,,,
P0744,🔗,WR/TE,Stance,"Swaying, rocking, or bouncing pre-snap rather than settling into a loaded position; or so rigid and locked that the first movement requires a reset. A false step at the snap is the downstream symptom.",Receiver remains stable but immediately movable. The stance is sufficiently loaded to prevent a false step while allowing explosive movement in the intended release direction.,983;1500,2,,,,
P0745,🔗,WR/TE,Stance,"Torso angle diverging from the shin angle - typically folding forward at the waist with the chest well ahead of the shin line, or standing the torso upright while the shin stays loaded, disconnecting upper and lower body.","Upper body is positioned at approximately the same forward angle as the loaded front shin, creating a connected lower- and upper-body position. Avoid excessive bending at the waist.",989;1495,2,,,,
P0746,🔗,WR/TE,Stance,"Weight sitting back on the rear leg or evenly split, forcing a backward rock or false step before the release.",Approximately 70-80% of body weight is loaded onto the front leg. The rear leg remains available to contribute to the release. The receiver should be able to roll forward off the front foot without rocking backward or taking a false step.,986;1503,2,,,,
P0747,,TE,Blocking,"""Lunging from the Dirt"". Diving forward at the defender's waist out of the stance, which allows an athletic edge rusher to effortlessly slip the block with a quick swim or club-and-rip move.","Pop up rapidly out of the dirt on the snap, replacing the down hand with an instant lateral or backward step to set the edge.",1008,1,,,,
P0748,,TE,Blocking,"Bailing the Hips. Turning the toes and opening the hips outward too early, which instantly concedes a soft inside path straight into the B-gap.","Keep the shoulders square and sink the hips, aggressively mirroring the rusher to force them wide and around the pocket's deep arc.",1014,1,,,,
P0749,,TE,Blocking,"Head Dropping. Dropping the chin to the chest upon contact, which breaks the spine angle, eliminates vision, and causes the tight end to slide right off the defender.","Shoot the hands violently straight up into the armpits and inside frame of the defender, locking out the elbows.",1020,1,,,,
P0750,,TE,Blocking,"Heel Clicking. Bringing the feet together while trying to kick or slide laterally, destroying balance and leaving the tight end helpless against a heavy bull rush.","Establish a wide, stable low-man leverage base, centering the incoming heavy edge rusher squarely between the knees.",1009,1,,,,
P0751,,TE,Blocking,"Over-stepping Flat. Taking an initial step that is too wide and flat on a zone play, allowing a quick interior defender to shoot underneath and disrupt the backfield.","Take fast, ground-gaining lateral steps off the snap, leveraging the upright stance to instantly close horizontal distance.",1023,1,,,,
P0752,,TE,Blocking,"Passive ""Catching"". Standing frozen in place and letting the defender dictate the physical contact, which compresses the edge of the pocket directly into the quarterback.","Push off the inside foot instantly, using the upright advantage to execute an immediate lateral slide to widen the pocket.",1013,1,,,,
P0753,,TE,Blocking,"Pop and Stop. Landing a powerful initial punch but immediately stopping all foot movement, which allows the defender to shed the block and make the tackle.","Drive the legs relentlessly, churning the feet to physically displace the edge of the defense and clear the primary running lane.",1021,1,,,,
P0754,,TE,Blocking,"Waist Bending. Reaching forward for a defender by bending at the waist instead of sinking the hips and bending the knees, resulting in a weak, off-balance block.","Sink the hips and bend the knees during the approach to establish a low, powerful striking angle before contact is made.",1024,1,,,,
P0755,,TE,First Step,"""False Stepping"". Picking up the lead foot and dropping it in place, or taking a slight step backward with the back foot before moving forward, which delays the start of the play.",Push violently off the inside ball of the back foot to initiate explosive forward acceleration.,1048,1,,,,
P0756,,TE,First Step,"""Sticking the Hand"". Failing to pick up the down hand smoothly, which causes the tight end to lunge forward, lose their footing, and fall to their knees.",Whip the down hand completely off the ground the exact millisecond the foot movement begins.,1053,1,,,,
P0757,,TE,First Step,"Standing Straight Up. Raising the head and shoulders on the very first step, which exposes the chest to a defender's jam and eliminates all low-man leverage.","Keep the chin tucked and the chest forward, ensuring the spine angle strictly matches the pre-snap posture without rising.",1050,1,,,,
P0758,,TE,First Step,Tail-Skying. Lifting the hips straight up into the air on the first step instead of driving the hips forward through the block or release.,Explode out of the stance by uncoiling the hips and driving the back foot forcefully into the turf.,1052,1,,,,
P0759,,TE,Release,"""Sticky Contact"". Getting physically entangled or staying locked onto the defender for too long, which ruins the timing of the pass play and prevents the tight end from getting open.","The exact moment the heavy contact lands, seamlessly detach and slip past the defender's outside or inside hip without getting grabbed.",1030,1,,,,
P0760,,TE,Release,"The ""Whiff"" / Soft Contact. Running past the defender or delivering a weak arm-swipe that fails to disrupt the rusher's track, leaving the offensive tackle out of position.","Deliver a physical, stalling blow directly into the rusher's ribs, shoulder, or chest to violently disrupt their momentum and assist the offensive tackle.",1029,1,,,,
P0761,,TE,Stance,"""Standing Tall"". Keeping the knees straight and waist unhinged, which raises the pad level and makes the tight end an easy target for defenders to jam or blow off the line of scrimmage.","Hinge at the hips and slightly bend the knees to create a coiled, athletic quarter-squat, rather than standing rigidly straight.",1004,1,,,,
P0762,,TE,Stance,"""Tail-Skying"" / Too Much Forward Weight. Setting the hips too high or loading too much weight onto the down hand, which causes the tight end to stumble forward or immediately drop their head upon snapping out of the stance.","Sink the hips to establish a low, explosive center of gravity optimized for immediate leverage against heavier defensive ends.",1000,1,,,,
P0763,,TE,Stance,"Flat Backside Foot. Letting the heel of the staggered back foot drop completely flat to the turf, which delays the initial forward step and ruins explosive drive.","Stagger the back foot slightly (toe-to-instep or toe-to-heel), keeping the heel elevated to load the calf and Achilles like a coiled spring.",999,1,,,,
P0764,,TE,Stance,"Hands on Thighs. Resting the hands heavily on the thighs pre-snap, which slows down the punch reaction time on a block or delayed release.","Chamber the hands actively near the waist or chest, keeping them completely unweighted and ready to punch or hand-fight on a release.",1005,1,,,,
